Date,Time,M1 (kWh),M2 (kWh),Weather Code,Max Temp (°C),Sunshine (hours),Radiation (MJ/m²),Snowfall (cm),Notes,Verified
2019-02-27,08:00,12976.0,11968.0,75,-7.7,0.00,3.13,6.58,,Yes
2019-02-28,07:00,12983.0,11968.0,71,-6.1,5.77,11.98,0.63,,Yes
2019-03-01,08:00,12993.0,11974.0,3,0.3,9.89,16.59,,,Yes
2019-03-02,09:00,12999.0,11992.0,73,0.5,3.82,7.94,1.47,,Yes
2019-03-03,09:00,13035.0,11994.0,73,-0.6,1.42,8.64,1.40,,Yes
2019-03-04,08:00,13027.0,11990.0,71,-5.0,2.89,9.38,0.56,,Yes
2019-03-05,09:00,13041.0,12036.0,71,-7.1,3.69,10.85,0.49,,Yes
2019-03-06,09:00,13048.0,12017.0,71,-8.0,9.11,14.62,0.42,,Yes
2019-03-07,09:00,13066.0,12019.0,71,-5.2,8.83,12.90,0.14,,Yes
2019-03-08,07:00,13075.0,12028.0,3,0.2,10.62,18.06,,,Yes
2019-03-09,08:00,13080.0,12051.0,3,1.2,10.65,18.61,,,Yes
2019-03-10,07:00,13085.0,12074.0,63,8.6,1.99,5.55,,,Yes
2019-03-11,08:00,13092.0,12074.0,71,4.3,6.51,10.64,0.14,,Yes
2019-03-12,08:00,13102.0,12076.0,3,2.7,8.76,15.80,,,Yes
2019-03-13,08:00,13110.0,12093.0,73,7.6,0.39,6.07,0.56,,Yes
2019-03-14,07:00,13117.0,12096.0,53,19.0,7.46,10.30,,,Yes
2019-03-15,06:00,13131.0,12107.0,63,14.8,7.01,11.59,,,Yes
2019-03-16,06:00,13141.0,12113.0,73,3.2,9.28,14.79,0.56,,Yes
2019-03-17,09:00,13141.0,12124.0,3,2.1,7.86,16.88,,,Yes
2019-03-18,08:00,13155.0,12148.0,71,3.6,10.53,14.12,0.42,,Yes
2019-03-20,08:00,13161.0,12163.0,51,11.5,11.09,19.31,,,Yes
2019-03-21,08:00,13165.0,12187.0,51,10.9,2.71,9.01,,,Yes
2019-03-22,09:00,13169.0,12192.0,73,5.3,9.57,13.16,0.63,,Yes
2019-03-23,09:00,13175.0,12195.0,71,3.8,11.23,21.49,0.07,,Yes
2019-03-24,08:00,13187.0,12216.0,3,8.9,7.02,12.23,,,Yes
2019-03-25,07:00,13195.0,12226.0,3,1.9,11.45,21.92,,,Yes
2019-03-26,09:00,13206.0,12256.0,0,2.5,11.48,22.19,,,Yes
2019-03-27,08:00,13218.0,12285.0,3,8.0,11.03,21.57,,,Yes
2019-03-28,09:00,13222.0,12313.0,51,13.1,2.03,6.85,,,Yes
2019-03-29,08:00,13227.0,12315.0,53,9.8,8.00,15.53,,,Yes
2019-03-30,09:00,13232.0,12329.0,63,17.9,0.00,3.55,,,Yes
2019-03-31,09:00,13236.0,12332.0,75,4.6,3.55,9.32,4.34,,Yes
2019-04-01,08:00,13245.0,12335.0,71,2.1,11.69,22.44,0.63,,Yes
2019-04-02,08:00,13260.0,12353.0,3,11.7,7.54,17.72,,,Yes
2019-04-03,07:00,13268.0,12370.0,51,8.6,11.76,18.30,,,Yes
2019-04-04,07:00,13283.0,12378.0,3,4.5,11.76,21.66,,,Yes
2019-04-05,07:00,13283.0,12405.0,53,6.5,0.00,4.48,,,Yes
2019-04-06,09:00,13293.0,12407.0,3,11.2,10.65,15.55,,,Yes
2019-04-07,09:00,13302.0,12408.0,3,15.1,8.76,15.95,,,Yes
2019-04-08,08:00,13312.0,12440.0,55,18.5,9.89,16.48,,,Yes
2019-04-09,09:00,13315.0,12452.0,53,15.0,11.83,19.49,,,Yes
2019-04-10,08:00,13319.0,12467.0,3,5.6,7.48,14.07,,,Yes
2019-04-11,08:00,13323.0,12482.0,71,3.3,1.94,7.71,0.07,,Yes
2019-04-12,08:00,13328.0,12485.0,61,22.0,7.21,14.89,,,Yes
2019-04-13,09:00,13337.0,12497.0,51,15.7,12.00,23.11,,,Yes
2019-04-14,09:00,13342.0,12518.0,63,5.4,0.00,4.49,,,Yes
2019-04-15,10:00,13352.0,12519.0,63,6.1,1.49,5.21,,,Yes
2019-04-16,09:00,13358.0,12524.0,51,11.1,7.00,17.21,,,Yes
2019-04-17,09:00,13368.0,12537.0,51,11.0,12.03,22.82,,,Yes
2019-04-18,09:00,13375.0,12565.0,53,23.5,8.46,17.14,,,Yes
2019-04-19,08:00,13378.0,12577.0,63,16.1,0.00,4.30,,,Yes
2019-04-20,09:00,13387.0,12579.0,61,7.4,1.36,7.83,,,Yes
2019-04-21,09:00,13398.0,12583.0,3,13.1,10.29,17.22,,,Yes
2019-04-22,09:00,13413.0,12586.0,2,13.4,12.55,22.57,,,Yes
2019-04-23,07:00,13420.0,12602.0,61,25.5,8.44,17.77,,,Yes
2019-04-28,11:00,13446.0,12663.0,51,9.5,10.34,21.01,,,Yes
2019-04-29,09:00,13451.0,12677.0,55,9.8,6.35,15.39,,,Yes
2019-04-30,07:00,13459.0,12689.0,51,9.9,11.22,22.69,,,Yes
2019-05-01,08:00,13463.0,12709.0,63,21.8,3.06,11.30,,,Yes
2019-05-02,08:00,13467.0,12723.0,53,13.6,6.27,14.27,,,Yes
2019-05-03,08:00,13470.0,12731.0,63,12.2,5.46,16.07,,,Yes
2019-05-04,10:00,13478.0,12739.0,51,10.7,6.14,13.16,,,Yes
2019-05-05,09:00,13487.0,12742.0,3,11.7,6.36,16.75,,,Yes
2019-05-06,07:00,13491.0,12763.0,51,19.7,13.25,26.56,,,Yes
2019-05-07,09:00,13498.0,12792.0,61,13.2,1.31,6.57,,,Yes
2019-05-08,09:00,13508.0,12795.0,3,9.9,13.42,28.73,,,Yes
2019-05-09,09:00,13520.0,12825.0,53,22.5,5.79,13.53,,,Yes
2019-05-10,07:00,13532.0,12834.0,63,19.6,6.66,16.61,,,Yes
2019-05-11,10:00,13536.0,12848.0,3,11.2,11.83,24.80,,,Yes
2019-05-12,09:00,13539.0,12869.0,55,7.7,0.00,4.69,,,Yes
2019-05-13,07:00,13544.0,12873.0,61,9.6,0.00,5.66,,,Yes
2019-05-14,07:00,13549.0,12876.0,53,9.2,0.01,7.42,,,Yes
2019-05-15,07:00,13553.0,12882.0,53,16.7,10.90,20.52,,,Yes
2019-05-16,08:00,13559.0,12899.0,53,13.6,8.96,19.36,,,Yes
2019-05-17,08:00,13571.0,12917.0,61,17.8,12.70,22.95,,,Yes
2019-05-18,08:00,13576.0,12936.0,3,14.6,13.76,26.92,,,Yes
2019-05-19,10:00,13587.0,12954.0,63,24.1,12.75,21.23,,,Yes
2019-05-20,08:00,13596.0,12972.0,53,20.7,8.10,19.27,,,Yes
2019-05-21,09:00,13603.0,12988.0,3,16.2,13.80,29.37,,,Yes
2019-05-22,08:00,13605.0,13085.0,51,17.3,9.98,20.71,,,Yes
2019-05-23,08:00,13625.0,13030.0,61,24.1,9.63,15.43,,,Yes
2019-05-27,09:00,13648.0,13087.0,3,17.9,13.87,27.27,,,Yes
2019-05-28,08:00,13654.0,13109.0,61,15.2,5.39,14.01,,,Yes
2019-05-29,08:00,13660.0,13115.0,51,14.4,5.75,13.05,,,Yes
2019-05-30,08:00,13668.0,13120.0,63,22.7,8.74,17.39,,,Yes
2019-05-31,09:00,13673.0,13134.0,3,17.5,11.78,25.75,,,Yes
2019-06-01,13:00,13676.0,13163.0,53,21.1,12.97,23.54,,,Yes
2019-06-02,10:00,13684.0,13176.0,61,17.6,7.05,16.59,,,Yes
2019-06-03,08:00,13695.0,13181.0,3,15.0,13.96,28.48,,,Yes
2019-06-04,07:00,13700.0,13206.0,53,18.0,5.66,13.76,,,Yes
2019-06-05,08:00,13711.0,13216.0,65,23.2,6.65,14.20,,,Yes
2019-06-06,08:00,13718.0,13221.0,51,18.1,10.71,22.64,,,Yes
2019-06-07,08:00,13728.0,13239.0,0,22.0,14.05,30.03,,,Yes
2019-06-08,08:00,13736.0,13267.0,3,19.0,14.06,30.49,,,Yes
2019-06-09,08:00,13743.0,13295.0,3,26.1,13.99,27.85,,,Yes
2019-06-10,08:00,13748.0,13318.0,63,22.0,2.27,9.54,,,Yes
2019-06-11,09:00,13752.0,13331.0,53,20.1,14.09,28.87,,,Yes
2019-06-12,09:00,13764.0,13358.0,3,22.0,12.96,29.39,,,Yes
2019-06-13,08:00,13769.0,13484.0,61,18.3,5.09,9.04,,,Yes
2019-06-14,08:00,13775.0,13489.0,53,21.1,11.53,25.98,,,Yes
2019-06-15,09:00,13779.0,13414.0,61,23.5,9.50,18.00,,,Yes
2019-06-16,08:00,13784.0,13420.0,55,16.0,1.21,7.00,,,Yes
2019-06-17,09:00,13800.0,13422.0,3,18.6,12.66,24.61,,,Yes
2019-06-18,08:00,13805.0,13444.0,51,21.2,13.07,24.86,,,Yes
2019-06-19,08:00,13812.0,13464.0,51,23.1,13.86,24.00,,,Yes
2019-06-20,08:00,13818.0,13485.0,65,18.5,2.59,9.34,,,Yes
2019-06-21,09:00,13824.0,13487.0,53,20.7,13.14,24.76,,,Yes
2019-06-22,09:00,13828.0,13512.0,0,22.9,14.18,29.90,,,Yes
2019-06-23,10:00,13832.0,13540.0,2,23.6,14.20,30.21,,,Yes
2019-06-24,09:00,13846.0,13559.0,51,24.9,7.82,16.56,,,Yes
2019-06-25,09:00,13852.0,13569.0,61,25.4,13.30,26.96,,,Yes
2019-06-26,08:00,13857.0,13592.0,53,27.9,13.35,24.86,,,Yes
2019-06-27,09:00,13861.0,13614.0,3,25.8,13.93,25.26,,,Yes
2019-06-28,08:00,13868.0,13631.0,3,29.6,11.92,26.03,,,Yes
2019-06-29,09:00,13874.0,13653.0,61,26.2,13.17,23.18,,,Yes
2019-06-30,09:00,13879.0,13668.0,53,22.2,12.47,23.35,,,Yes
2019-07-01,07:00,13884.0,13688.0,3,24.0,14.09,29.25,,,Yes
2019-07-02,08:00,13893.0,13709.0,53,26.3,10.90,21.95,,,Yes
2019-07-03,07:00,13898.0,13718.0,51,25.5,10.95,21.82,,,Yes
2019-07-04,07:00,13902.0,13742.0,51,28.0,13.05,22.19,,,Yes
2019-07-05,07:00,13907.0,13760.0,63,30.6,14.00,21.37,,,Yes
2019-07-06,08:00,13921.0,13770.0,63,27.5,8.82,14.95,,,Yes
2019-07-07,09:00,13937.0,13775.0,3,22.5,14.06,27.71,,,Yes
2019-07-08,08:00,13939.0,13797.0,1,23.5,14.05,30.07,,,Yes
2019-07-09,08:00,13943.0,13822.0,3,26.3,13.98,29.71,,,Yes
2019-07-10,08:00,13947.0,13846.0,51,29.8,13.88,25.56,,,Yes
2019-07-11,13:00,13956.0,13867.0,51,30.6,7.34,16.54,,,Yes
2019-07-12,08:00,13970.0,13874.0,51,25.1,13.72,21.51,,,Yes
2019-07-13,09:00,13984.0,13881.0,3,29.9,13.79,25.82,,,Yes
2019-07-14,07:00,13987.0,13902.0,53,25.5,13.75,28.68,,,Yes
2019-07-20,08:00,14011.0,14005.0,53,32.2,13.40,23.46,,,Yes
2019-07-21,08:00,14014.0,14023.0,51,28.9,12.06,23.80,,,Yes
2019-07-22,09:00,14022.0,14043.0,55,21.9,4.00,8.11,,,Yes
2019-07-23,09:00,14032.0,14047.0,51,24.5,13.45,21.61,,,Yes
2019-07-24,09:00,14036.0,14061.0,51,24.6,13.63,25.24,,,Yes
2019-07-25,07:00,14041.0,14073.0,53,26.9,13.60,24.90,,,Yes
2019-07-26,08:00,14046.0,14097.0,51,27.5,13.59,23.61,,,Yes
2019-07-27,08:00,14057.0,14119.0,2,30.5,13.57,23.39,,,Yes
2019-07-28,09:00,14063.0,14138.0,53,29.0,13.48,19.50,,,Yes
2019-07-29,08:00,14069.0,14147.0,53,30.5,13.07,21.50,,,Yes
2019-07-30,08:00,14076.0,14168.0,63,25.9,6.07,10.69,,,Yes
2019-07-31,06:00,14089.0,14175.0,51,25.4,12.49,23.57,,,Yes
2019-08-03,08:00,14107.0,14243.0,3,28.0,13.41,26.50,,,Yes
2019-08-04,09:00,14113.0,14267.0,53,24.6,11.06,23.85,,,Yes
2019-08-05,07:00,14120.0,14287.0,3,29.8,13.30,26.08,,,Yes
2019-08-06,08:00,14125.0,14311.0,53,31.0,11.26,20.32,,,Yes
2019-08-07,07:00,14133.0,14325.0,63,23.9,4.89,10.22,,,Yes
2019-08-08,08:00,14141.0,14331.0,61,28.1,11.75,19.72,,,Yes
2019-08-09,09:00,14148.0,14344.0,51,24.1,13.07,21.73,,,Yes
2019-08-10,09:00,14152.0,14366.0,51,22.6,12.88,19.90,,,Yes
2019-08-11,09:00,14163.0,14383.0,3,27.1,12.97,23.71,,,Yes
2019-08-23,08:00,14221.0,14593.0,51,21.9,12.54,23.24,,,Yes
2019-08-24,08:00,14227.0,14617.0,3,20.5,12.52,20.73,,,Yes
2019-08-25,08:00,14233.0,14630.0,3,22.9,12.13,20.83,,,Yes
2019-08-26,07:00,14242.0,14647.0,3,25.0,12.00,22.79,,,Yes
2019-08-27,09:00,14246.0,14671.0,53,26.2,8.59,13.71,,,Yes
2019-08-28,08:00,14251.0,14682.0,61,26.2,9.41,14.71,,,Yes
2019-08-29,08:00,14258.0,14693.0,3,23.9,11.68,17.41,,,Yes
2019-08-31,07:00,14267.0,14734.0,3,20.7,12.13,21.58,,,Yes
2019-09-03,15:00,14286.0,14787.0,51,25.4,11.93,17.56,,,Yes
2019-09-04,07:00,14299.0,14790.0,61,23.0,11.03,18.77,,,Yes
2019-09-05,07:00,14305.0,14805.0,2,20.5,11.92,21.28,,,Yes
2019-09-06,08:00,14309.0,14824.0,51,21.8,10.87,18.66,,,Yes
2019-09-07,09:00,14315.0,14842.0,51,20.9,11.85,16.92,,,Yes
2019-09-08,09:00,14323.0,14854.0,51,18.7,10.38,16.55,,,Yes
2019-09-09,07:00,14329.0,14865.0,51,17.8,11.52,14.62,,,Yes
2019-09-10,08:00,14334.0,14880.0,51,27.3,8.89,16.83,,,Yes
2019-09-11,08:00,14339.0,14899.0,63,28.1,11.36,18.39,,,Yes
2019-09-12,07:00,14344.0,14916.0,63,17.7,6.32,11.31,,,Yes
2019-09-13,08:00,14358.0,14922.0,3,23.2,9.70,12.05,,,Yes
2019-09-14,09:00,14368.0,14932.0,53,23.5,10.87,18.86,,,Yes
2019-09-15,09:00,14372.0,14950.0,61,22.1,8.88,11.99,,,Yes
2019-09-16,08:00,14384.0,14955.0,51,20.0,9.71,14.49,,,Yes
2019-09-17,07:00,14388.0,14775.0,1,21.0,11.51,20.07,,,Yes
2019-09-18,07:00,14392.0,14999.0,3,21.8,11.46,19.76,,,Yes
2019-09-19,07:00,14396.0,15023.0,3,24.0,11.41,19.80,,,Yes
2019-09-20,08:00,14400.0,15048.0,3,24.5,11.36,18.93,,,Yes
2019-09-21,09:00,14403.0,15071.0,1,27.9,11.31,18.77,,,Yes
2019-09-22,09:00,14408.0,15088.0,3,30.6,10.36,14.61,,,Yes
2019-09-23,08:00,14415.0,15098.0,61,26.2,5.34,8.32,,,Yes
2019-09-24,08:00,14422.0,15100.0,53,19.0,10.68,13.24,,,Yes
2019-09-25,08:00,14426.0,15113.0,3,26.5,11.12,16.60,,,Yes
2019-09-26,07:00,14431.0,15130.0,63,19.6,6.54,8.35,,,Yes
2019-09-27,09:00,14436.0,15140.0,3,23.5,11.02,17.98,,,Yes
2019-09-28,08:00,14439.0,15161.0,53,24.4,7.48,9.67,,,Yes
2019-09-29,08:00,14448.0,15169.0,51,16.1,8.19,13.76,,,Yes
2019-09-30,09:00,14459.0,15178.0,51,21.9,5.11,10.38,,,Yes
2019-10-01,08:00,14464.0,15183.0,61,30.3,7.69,12.89,,,Yes
2019-10-02,07:00,14468.0,15197.0,61,20.5,0.00,3.65,,,Yes
2019-10-03,08:00,14478.0,15197.0,53,14.1,0.00,3.30,,,Yes
2019-10-04,08:00,14486.0,15199.0,53,13.4,5.10,7.82,,,Yes
2019-10-05,09:00,14490.0,15203.0,3,15.0,10.29,17.24,,,Yes
2019-10-06,08:00,14495.0,15221.0,61,22.7,5.06,7.86,,,Yes
2019-10-07,09:00,14506.0,15229.0,61,18.4,2.33,6.75,,,Yes
2019-10-08,08:00,14511.0,15231.0,1,16.2,10.27,15.90,,,Yes
2019-10-09,08:00,14515.0,15249.0,3,16.3,10.06,16.21,,,Yes
2019-10-10,09:00,14524.0,15261.0,0,16.1,10.16,15.75,,,Yes
2019-10-12,09:00,14536.0,15297.0,55,14.7,4.70,6.10,,,Yes
2019-10-13,10:00,14546.0,15302.0,2,18.9,10.06,15.67,,,Yes
2019-10-14,09:00,14561.0,15316.0,3,12.2,3.32,5.85,,,Yes
2019-10-15,09:00,14568.0,15318.0,3,15.9,10.02,14.74,,,Yes
2019-10-16,08:00,14574.0,15332.0,63,14.2,0.00,1.98,,,Yes
2019-10-17,09:00,14581.0,15332.0,61,9.9,0.24,2.17,,,Yes
2019-10-18,09:00,14585.0,15333.0,53,9.8,6.25,9.81,,,Yes
2019-10-19,08:00,14592.0,15342.0,3,12.1,9.88,14.31,,,Yes
2019-10-20,08:00,14603.0,15354.0,3,17.5,9.32,12.05,,,Yes
2019-10-21,08:00,14613.0,15362.0,3,17.1,9.83,13.23,,,Yes
2019-10-22,09:00,14618.0,15375.0,63,15.6,0.00,2.18,,,Yes
2019-10-23,08:00,14632.0,15375.0,51,13.6,9.73,11.34,,,Yes
2019-10-24,09:00,14639.0,15385.0,51,14.9,2.88,4.55,,,Yes
2019-10-25,09:00,14643.0,15386.0,51,10.6,2.54,5.71,,,Yes
2019-10-26,09:00,14649.0,15389.0,61,12.8,6.16,7.84,,,Yes
2019-10-27,09:00,14655.0,15395.0,63,18.5,6.50,7.25,,,Yes
2019-10-28,08:00,14670.0,15397.0,0,17.9,9.49,12.47,,,Yes
2019-10-29,09:00,14681.0,15409.0,53,20.7,6.42,9.55,,,Yes
2019-10-30,09:00,14687.0,15416.0,53,14.1,2.75,5.22,,,Yes
2019-10-31,08:00,14693.0,15418.0,65,17.0,0.03,1.75,,,Yes
2019-11-01,08:00,14701.0,15418.0,51,7.8,1.79,3.96,,,Yes
2019-11-02,10:00,14709.0,15418.0,51,10.4,7.15,9.28,,,Yes
2019-11-03,09:00,14716.0,15424.0,3,7.3,8.13,8.36,,,Yes
2019-11-04,09:00,14731.0,15426.0,3,11.4,3.20,4.96,,,Yes
2019-11-05,09:00,14738.0,15432.0,53,10.2,1.77,3.15,,,Yes
2019-11-06,08:00,14745.0,15433.0,3,6.7,9.02,10.44,,,Yes
2019-11-07,08:00,14753.0,15441.0,73,5.8,0.00,1.71,1.26,,Yes
2019-11-08,08:00,14763.0,15441.0,71,-0.1,8.98,9.88,0.14,,Yes
2019-11-09,09:00,14774.0,15447.0,3,5.1,4.52,6.97,,,Yes
2019-11-10,09:00,14779.0,15452.0,51,9.1,3.07,5.22,,,Yes
2019-11-11,09:00,14784.0,15454.0,75,3.5,0.00,1.43,11.69,,Yes
2019-11-12,09:00,14806.0,15454.0,75,-1.6,6.54,8.59,6.37,,Yes
2019-11-13,08:00,14918.0,15454.0,71,-4.2,2.45,6.36,0.35,,Yes
2019-11-14,08:00,14826.0,15454.0,71,3.2,2.75,5.98,0.28,,Yes
2019-11-15,08:00,14841.0,15454.0,71,2.7,4.90,6.19,0.21,,Yes
2019-11-16,09:00,14850.0,15454.0,3,-1.9,7.51,8.46,,,Yes
2019-11-17,08:00,14862.0,15454.0,3,3.7,8.52,10.28,,,Yes
2019-11-18,07:00,14869.0,15454.0,3,4.3,0.57,4.83,,,Yes
2019-11-19,07:00,14875.0,15454.0,51,3.2,5.66,6.70,,,Yes
2019-11-20,07:00,14880.0,15456.0,51,5.8,0.47,2.92,,,Yes
2019-11-21,07:00,14891.0,15476.0,61,9.6,4.56,6.44,,,Yes
2019-11-22,07:00,14898.0,15460.0,53,11.1,3.37,4.18,,,Yes
2019-11-23,09:00,14907.0,15461.0,3,7.1,8.17,8.89,,,Yes
2019-11-24,08:00,14911.0,15463.0,71,7.2,8.03,8.44,0.07,,Yes
2019-11-25,07:00,14920.0,15472.0,3,9.8,1.63,2.74,,,Yes
2019-11-26,09:00,14934.0,15474.0,3,13.3,7.90,7.17,,,Yes
2019-11-27,09:00,14941.0,15480.0,55,12.8,3.38,2.91,,,Yes
2019-11-28,08:00,14953.0,15480.0,53,5.6,0.49,2.39,,,Yes
2019-11-29,08:00,14977.0,15480.0,3,-0.8,0.00,2.76,,,Yes
2019-11-30,10:00,14997.0,15480.0,3,-0.9,4.24,5.03,,,Yes
2019-12-01,09:00,15005.0,15485.0,75,-0.2,0.00,0.82,6.65,,Yes
2019-12-02,09:00,15019.0,15485.0,75,0.9,0.00,1.58,5.18,,Yes
2019-12-03,08:00,15033.0,15485.0,71,1.5,8.00,8.58,0.28,,Yes
2019-12-04,09:00,15041.0,15485.0,71,3.8,0.60,3.30,0.63,,Yes
2019-12-05,09:00,15050.0,15485.0,73,0.8,4.78,4.53,1.12,,Yes
2019-12-06,10:00,15063.0,15485.0,75,1.0,0.00,1.45,4.76,,Yes
2019-12-07,08:00,15071.0,15485.0,3,-0.7,5.41,5.58,,,Yes
2019-12-08,10:00,15083.0,15485.0,3,6.2,6.96,7.45,,,Yes
2019-12-09,08:00,15096.0,15486.0,53,8.5,0.00,1.77,,,Yes
2019-12-10,08:00,15105.0,15487.0,73,9.9,0.00,1.64,1.26,,Yes
2019-12-11,08:00,15125.0,15487.0,73,-0.9,4.15,4.56,0.56,,Yes
2019-12-12,08:00,15142.0,15487.0,3,0.3,5.27,6.24,,,Yes
2019-12-13,08:00,15153.0,15489.0,53,7.6,6.86,6.66,,,Yes
2019-12-14,09:00,15162.0,15492.0,75,4.3,0.00,0.73,4.27,,Yes
2019-12-15,09:00,15180.0,15492.0,71,2.0,4.90,4.04,0.14,,Yes
2019-12-16,07:00,15197.0,15492.0,3,2.7,7.16,6.91,,,Yes
2019-12-17,08:00,15214.0,15498.0,73,0.2,0.00,1.58,3.43,,Yes
2019-12-18,09:00,15238.0,15498.0,73,-2.8,5.98,5.48,2.24,,Yes
2019-12-19,09:00,15260.0,15498.0,71,-7.2,0.16,3.46,0.63,,Yes
2019-12-20,09:00,15276.0,15498.0,71,-5.6,7.00,7.27,0.07,,Yes
2019-12-21,09:00,15290.0,15499.0,3,1.5,3.03,4.89,,,Yes
2019-12-22,09:00,15310.0,15499.0,3,7.2,7.80,7.48,,,Yes
2019-12-23,09:00,15325.0,15502.0,3,11.3,7.79,7.48,,,Yes
2019-12-24,08:00,15338.0,15507.0,3,1.8,7.77,7.57,,,Yes
2019-12-25,09:00,15378.0,15508.0,3,8.3,7.32,6.28,,,Yes
2019-12-26,09:00,15396.0,15510.0,3,9.2,2.56,3.84,,,Yes
2019-12-27,08:00,15427.0,15510.0,51,12.9,0.25,2.21,,,Yes
2019-12-28,10:00,15450.0,15510.0,3,5.6,7.81,6.25,,,Yes
2019-12-29,09:00,15483.0,15513.0,63,4.9,0.00,1.86,,,Yes
2020-01-01,10:00,15543.0,15514.0,3,1.9,3.64,4.69,,,Yes
2020-01-02,09:00,15572.0,15514.0,3,10.4,7.00,7.33,,,Yes
2020-01-03,09:00,15590.0,15515.0,51,8.1,0.00,1.86,,,Yes
2020-01-04,08:00,15604.0,15515.0,75,4.0,0.00,1.48,4.20,,Yes
2020-01-05,08:00,15624.0,15515.0,73,1.8,5.82,5.97,1.61,,Yes
2020-01-06,09:00,15654.0,15516.0,73,3.0,7.81,6.74,1.19,,Yes
2020-01-07,09:00,15669.0,15518.0,3,4.0,1.96,4.80,,,Yes
2020-01-08,09:00,15688.0,15518.0,73,0.8,5.66,5.80,1.54,,Yes
2020-01-09,09:00,15718.0,15519.0,3,0.9,4.66,6.39,,,Yes
2020-01-10,08:00,15739.0,15522.0,53,8.1,0.00,2.20,,,Yes
2020-01-11,08:00,15752.0,15522.0,61,16.9,1.00,2.43,,,Yes
2020-01-12,09:00,15767.0,15522.0,73,7.0,0.29,2.72,0.35,,Yes
2020-01-13,09:00,15786.0,15522.0,3,5.2,2.75,2.97,,,Yes
2020-01-14,08:00,15793.0,15523.0,3,9.5,7.55,6.39,,,Yes
2020-01-15,07:00,15801.0,15523.0,71,5.6,4.37,5.07,0.07,,Yes
2020-01-16,08:00,15808.0,15529.0,73,2.1,7.45,5.65,1.68,,Yes
2020-01-17,09:00,15826.0,15529.0,3,-7.2,4.47,5.62,,,Yes
2020-01-18,08:00,15835.0,15529.0,75,3.8,0.00,1.43,7.35,,Yes
2020-01-19,08:00,15846.0,15529.0,73,2.2,0.63,4.24,3.15,,Yes
2020-01-20,08:00,15860.0,15529.0,3,-6.3,7.02,8.85,,,Yes
2020-01-21,08:00,15867.0,15533.0,3,-1.6,1.15,4.80,,,Yes
2020-01-22,09:00,15875.0,15536.0,3,1.8,7.91,8.51,,,Yes
2020-01-23,07:00,15891.0,15539.0,3,3.5,4.16,7.25,,,Yes
2020-01-24,08:00,15901.0,15544.0,3,6.1,5.43,7.48,,,Yes
2020-01-25,08:00,15909.0,15544.0,71,4.8,0.00,1.62,0.07,,Yes
2020-01-26,08:00,15916.0,15549.0,71,3.1,1.32,3.02,0.49,,Yes
2020-01-27,07:00,15925.0,15549.0,71,2.3,0.16,2.70,0.56,,Yes
2020-01-28,07:00,15931.0,15550.0,71,0.5,0.35,3.03,0.42,,Yes
2020-01-29,08:00,15938.0,15551.0,3,-1.2,5.08,6.99,,,Yes
2020-01-30,09:00,15950.0,15551.0,3,-0.2,7.57,7.92,,,Yes
2020-01-31,07:00,15960.0,15551.0,71,1.5,2.57,4.87,0.42,,Yes
2020-02-01,07:00,15978.0,15551.0,73,2.2,4.02,6.44,0.56,,Yes
2020-02-02,08:00,15984.0,15551.0,73,2.4,0.00,3.81,2.17,,Yes
2020-02-03,08:00,16014.0,15551.0,71,8.0,7.36,8.99,0.14,,Yes
2020-02-04,09:00,16010.0,15557.0,3,3.8,0.01,3.33,,,Yes
2020-02-05,08:00,16016.0,15557.0,71,-0.1,4.85,7.46,0.21,,Yes
2020-02-06,08:00,16025.0,15560.0,75,0.2,0.00,2.07,7.56,,Yes
2020-02-07,09:00,16038.0,15560.0,75,-2.4,0.00,3.29,9.10,,Yes
2020-02-08,08:00,16064.0,15560.0,71,-7.3,4.43,7.71,0.42,,Yes
2020-02-09,08:00,16071.0,15560.0,73,3.2,5.00,7.96,1.05,,Yes
2020-02-10,08:00,16083.0,15560.0,71,4.2,0.04,4.30,0.14,,Yes
2020-02-11,08:00,16089.0,15560.0,3,3.0,1.15,6.58,,,Yes
2020-02-12,09:00,16102.0,15562.0,71,3.5,6.09,10.25,0.21,,Yes
2020-02-13,09:00,16111.0,15569.0,75,1.1,0.00,4.04,7.42,,Yes
2020-02-14,08:00,16126.0,15569.0,73,-6.8,5.33,10.52,0.56,,Yes
2020-02-15,07:00,16136.0,15577.0,3,0.4,9.22,13.64,,,Yes
2020-02-16,08:00,16142.0,15591.0,3,3.4,1.58,6.24,,,Yes
2020-02-17,08:00,16153.0,15591.0,3,-2.0,4.56,8.72,,,Yes
2020-02-18,08:00,16157.0,15605.0,75,8.6,0.15,5.09,4.20,,Yes
2020-02-19,08:00,16165.0,15606.0,73,-0.2,0.07,4.11,0.77,,Yes
2020-02-20,07:00,16173.0,15607.0,71,-5.2,4.09,6.52,0.49,,Yes
2020-02-21,08:00,16195.0,15609.0,2,-0.1,9.74,15.09,,,Yes
2020-02-22,07:00,16201.0,15626.0,2,3.7,9.86,14.81,,,Yes
2020-02-23,09:00,16210.0,15644.0,3,10.1,9.79,12.79,,,Yes
2020-02-24,08:00,16219.0,15657.0,3,11.8,8.60,12.35,,,Yes
2020-02-25,07:00,16225.0,15671.0,71,2.7,2.59,5.08,0.28,,Yes
2020-02-26,08:00,16231.0,15671.0,73,3.5,0.00,2.62,0.56,,Yes
2020-02-27,08:00,16239.0,15672.0,73,3.6,0.32,4.54,2.10,,Yes
2020-02-28,07:00,16256.0,15674.0,73,-2.2,8.33,12.27,1.05,,Yes
2020-02-29,07:00,16276.0,15683.0,73,-4.7,0.49,7.04,1.61,,Yes
2020-03-01,09:00,16293.0,15683.0,71,3.5,9.69,15.92,0.14,,Yes
2020-03-02,08:00,16301.0,15700.0,53,13.8,3.96,5.56,,,Yes
2020-03-03,07:00,16313.0,15703.0,61,11.4,1.48,4.69,,,Yes
2020-03-04,07:00,16322.0,15704.0,71,6.7,10.46,12.18,0.28,,Yes
2020-03-05,07:00,16328.0,15717.0,3,5.8,10.13,16.52,,,Yes
2020-03-06,07:00,16333.0,15737.0,73,5.4,6.30,9.99,1.47,,Yes
2020-03-07,08:00,16344.0,15743.0,3,1.0,10.61,18.16,,,Yes
2020-03-08,07:00,16349.0,15754.0,3,13.0,10.66,17.55,,,Yes
2020-03-09,08:00,16354.0,15782.0,3,17.9,10.16,16.71,,,Yes
2020-03-10,08:00,16364.0,15800.0,61,15.4,3.28,5.46,,,Yes
2020-03-11,07:00,16375.0,15802.0,3,3.7,7.74,10.71,,,Yes
2020-03-12,07:00,16380.0,15812.0,3,9.9,5.82,8.58,,,Yes
2020-03-13,09:00,16385.0,15820.0,63,10.9,8.79,12.92,,,Yes
2020-03-14,09:00,16391.0,15825.0,3,5.7,6.00,12.17,,,Yes
2020-03-15,09:00,16404.0,15830.0,3,0.6,10.88,19.67,,,Yes
2020-03-16,09:00,16412.0,15851.0,51,7.3,10.94,17.43,,,Yes
2020-03-17,10:00,16420.0,15869.0,53,8.1,3.80,7.51,,,Yes
2020-03-18,08:00,16434.0,15871.0,55,6.1,5.13,11.69,,,Yes
2020-03-19,09:00,16439.0,15881.0,55,11.1,8.04,14.43,,,Yes
2020-03-20,09:00,16446.0,15880.0,63,19.6,5.99,11.12,,,Yes
2020-03-21,09:00,16456.0,15892.0,3,-0.7,10.95,20.49,,,Yes
2020-03-22,09:00,16464.0,15918.0,3,0.5,10.94,20.74,,,Yes
2020-03-23,09:00,16467.0,15945.0,73,4.1,0.95,5.56,1.54,,Yes
2020-03-24,08:00,16477.0,15946.0,3,6.2,10.65,14.35,,,Yes
2020-03-25,08:00,16485.0,15951.0,3,12.6,2.30,9.58,,,Yes
2020-03-26,09:00,16490.0,15960.0,61,17.8,7.22,12.95,,,Yes
2020-03-27,08:00,16503.0,15966.0,2,7.6,11.54,21.19,,,Yes
2020-03-28,09:00,16511.0,15983.0,63,8.1,0.00,4.16,,,Yes
2020-03-29,08:00,16522.0,15984.0,63,21.9,3.85,10.09,,,Yes
2020-03-30,09:00,16529.0,15993.0,53,10.4,2.51,7.08,,,Yes
2020-03-31,09:00,16534.0,15996.0,3,7.2,4.22,8.70,,,Yes
2020-04-01,09:00,16540.0,15998.0,3,8.1,11.69,22.72,,,Yes
2020-04-02,07:00,16545.0,16026.0,3,11.2,11.70,19.49,,,Yes
2020-04-03,09:00,16554.0,16055.0,53,6.1,0.00,3.92,,,Yes
2020-04-04,08:00,16562.0,16057.0,3,9.8,9.65,13.69,,,Yes
2020-04-05,09:00,16574.0,16059.0,51,11.1,10.00,17.40,,,Yes
2020-04-06,09:00,16580.0,16066.0,3,11.6,11.82,22.95,,,Yes
2020-04-07,09:00,16588.0,16093.0,61,12.9,8.83,18.85,,,Yes
2020-04-08,08:00,16596.0,16013.0,51,11.2,9.20,13.94,,,Yes
2020-04-09,09:00,16603.0,16017.0,71,9.6,8.78,17.64,0.07,,Yes
2020-04-10,09:00,16603.0,16032.0,73,5.8,6.15,11.79,2.03,,Yes
2020-04-11,08:00,16612.0,16044.0,3,7.2,10.03,18.56,,,Yes
2020-04-12,09:00,16619.0,16067.0,3,15.6,3.14,9.41,,,Yes
2020-04-13,09:00,16623.0,16173.0,63,17.5,2.10,5.81,,,Yes
2020-04-14,07:00,16637.0,16175.0,3,7.2,10.35,20.38,,,Yes
2020-04-15,08:00,16643.0,16196.0,73,5.6,10.05,19.35,1.54,,Yes
2020-04-16,08:00,16648.0,16213.0,71,4.1,11.54,17.75,0.14,,Yes
2020-04-17,09:00,16661.0,16225.0,71,6.4,5.25,14.78,0.49,,Yes
2020-04-18,08:00,16668.0,16233.0,71,7.9,10.02,18.26,0.21,,Yes
2020-04-19,08:00,16671.0,16250.0,53,12.9,8.42,15.99,,,Yes
2020-04-20,08:00,16681.0,16258.0,3,5.1,12.53,25.23,,,Yes
2020-04-21,08:00,16691.0,16288.0,71,6.3,11.50,21.94,0.07,,Yes
2020-04-22,09:00,16698.0,16300.0,71,5.4,12.63,24.00,0.42,,Yes
2020-04-23,08:00,16707.0,16319.0,53,7.4,8.55,18.11,,,Yes
2020-04-24,09:00,16717.0,16328.0,51,9.1,6.22,14.45,,,Yes
2020-04-25,10:00,16722.0,16338.0,3,10.1,12.73,26.29,,,Yes
2020-04-26,09:00,16727.0,16364.0,61,8.1,0.00,4.09,,,Yes
2020-04-27,09:00,16743.0,16364.0,51,10.9,8.96,19.80,,,Yes
2020-04-28,08:00,16752.0,16373.0,3,13.4,8.00,14.41,,,Yes
2020-04-29,09:00,16758.0,16381.0,53,19.4,4.32,11.84,,,Yes
2020-04-30,09:00,16765.0,16392.0,63,15.5,0.00,3.68,,,Yes
2020-05-01,08:00,16772.0,16393.0,51,14.1,9.26,14.32,,,Yes
2020-05-02,09:00,16785.0,16397.0,51,19.0,10.11,18.51,,,Yes
2020-05-03,08:00,16792.0,16409.0,3,21.7,12.66,23.35,,,Yes
2020-05-08,08:00,16816.0,16495.0,71,6.0,7.87,14.79,0.28,,Yes
2020-05-09,08:00,16829.0,16503.0,73,4.9,9.15,16.07,1.26,,Yes
2020-05-10,08:00,16838.0,16512.0,61,9.2,7.27,15.06,,,Yes
2020-05-11,09:00,16848.0,16519.0,53,6.3,3.36,8.72,,,Yes
2020-05-12,09:00,16854.0,16523.0,53,8.4,9.29,21.53,,,Yes
2020-05-13,09:00,16861.0,16540.0,3,10.2,13.63,29.62,,,Yes
2020-05-14,08:00,16865.0,16566.0,61,17.5,3.68,14.12,,,Yes
2020-05-15,08:00,16875.0,16576.0,61,24.6,6.58,14.89,,,Yes
2020-05-16,08:00,16881.0,16585.0,3,15.9,13.72,27.41,,,Yes
2020-05-17,09:00,16890.0,16610.0,55,15.9,8.75,17.93,,,Yes
2020-05-18,09:00,16895.0,16623.0,61,15.1,0.30,8.14,,,Yes
2020-05-19,09:00,16904.0,16661.0,3,16.5,12.81,24.18,,,Yes
2020-05-20,14:00,16914.0,16661.0,3,19.0,13.80,29.84,,,Yes
2020-05-21,09:00,16919.0,16673.0,2,18.6,13.81,30.24,,,Yes
2020-05-22,09:00,16925.0,16701.0,55,21.0,13.66,25.24,,,Yes
2020-05-23,08:00,16932.0,16723.0,61,20.0,11.28,20.13,,,Yes
2020-05-24,08:00,16938.0,16741.0,3,26.5,13.38,21.78,,,Yes
2020-05-25,08:00,16943.0,16763.0,61,26.5,13.68,26.26,,,Yes
2020-05-26,07:00,16950.0,16786.0,3,29.0,13.87,25.12,,,Yes
2020-05-27,08:00,16955.0,16810.0,3,25.4,12.15,19.54,,,Yes
2020-05-28,08:00,16967.0,16826.0,63,26.9,9.86,15.86,,,Yes
2020-05-29,08:00,16974.0,16833.0,63,26.3,9.43,17.41,,,Yes
2020-05-30,07:00,16988.0,16841.0,61,19.1,12.45,18.49,,,Yes
2020-05-31,07:00,16995.0,16851.0,51,13.4,12.40,23.42,,,Yes
2020-06-01,08:00,17002.0,16874.0,3,19.4,12.71,27.77,,,Yes
2020-06-02,08:00,17007.0,16901.0,61,22.5,7.51,14.88,,,Yes
2020-06-03,08:00,17018.0,16909.0,55,24.1,10.09,16.56,,,Yes
2020-06-04,07:00,17025.0,16919.0,3,28.4,12.94,26.34,,,Yes
2020-06-05,08:00,17031.0,16944.0,3,24.8,13.94,25.19,,,Yes
2020-06-06,07:00,17039.0,16968.0,51,23.9,13.96,26.96,,,Yes
2020-06-07,08:00,17042.0,16991.0,3,19.2,13.95,28.65,,,Yes
2020-06-08,08:00,17045.0,17015.0,3,20.0,14.01,29.61,,,Yes
2020-06-09,07:00,17060.0,17041.0,3,27.0,13.96,29.03,,,Yes
2020-06-13,07:00,17086.0,17131.0,3,15.1,14.13,29.15,,,Yes
2020-06-14,06:00,17091.0,17157.0,3,17.1,14.10,25.83,,,Yes
2020-06-15,07:00,17096.0,17180.0,1,19.5,14.18,30.59,,,Yes
2020-06-16,07:00,17102.0,17207.0,3,22.3,14.18,30.28,,,Yes
2020-06-17,07:00,17109.0,17237.0,3,24.9,14.13,30.29,,,Yes
2020-06-18,08:00,17119.0,17259.0,3,27.1,13.60,26.90,,,Yes
2020-06-19,07:00,17123.0,17282.0,51,28.3,13.81,24.90,,,Yes
2020-06-20,08:00,17128.0,17304.0,51,28.5,14.06,26.65,,,Yes
2020-06-21,08:00,17135.0,17326.0,51,30.0,14.03,24.72,,,Yes
2020-06-22,07:00,17142.0,17343.0,51,31.0,12.08,22.39,,,Yes
2020-06-23,08:00,17149.0,17356.0,51,30.9,9.63,20.13,,,Yes
2020-06-24,07:00,17157.0,17369.0,51,23.0,13.86,21.30,,,Yes
2020-06-25,07:00,17161.0,17390.0,51,26.6,13.93,24.00,,,Yes
2020-06-26,07:00,17166.0,17410.0,3,28.5,14.13,23.46,,,Yes
2020-06-27,08:00,17172.0,17433.0,63,26.3,9.08,17.16,,,Yes
2020-06-28,06:00,17179.0,17447.0,51,25.9,13.11,27.32,,,Yes
2020-06-29,07:00,17186.0,17466.0,3,25.9,14.02,26.46,,,Yes
2020-07-02,07:00,17216.0,17532.0,3,32.1,13.93,26.78,,,Yes
2020-07-03,08:00,17222.0,17534.0,51,28.2,13.95,24.79,,,Yes
2020-07-04,07:00,17228.0,17573.0,51,28.5,14.09,28.73,,,Yes
2020-07-05,07:00,17234.0,17595.0,3,30.4,11.03,24.20,,,Yes
2020-07-06,07:00,17239.0,17616.0,1,29.2,13.98,25.96,,,Yes
2020-07-07,08:00,17246.0,17638.0,3,32.0,13.94,24.97,,,Yes
2020-07-08,07:00,17253.0,17658.0,51,31.6,13.93,24.37,,,Yes
2020-07-10,08:00,17266.0,17696.0,51,34.7,12.79,24.67,,,Yes
2020-07-11,08:00,17273.0,17710.0,63,29.0,8.85,15.94,,,Yes
2020-07-12,07:00,17287.0,17717.0,51,26.5,12.77,23.67,,,Yes
2020-07-13,08:00,17296.0,17733.0,51,24.4,13.76,19.69,,,Yes
2020-07-14,08:00,17302.0,17745.0,51,26.0,13.80,26.10,,,Yes
2020-07-15,08:00,17308.0,17765.0,3,28.4,13.73,26.60,,,Yes
2020-07-16,07:00,17313.0,17787.0,61,28.5,6.03,12.79,,,Yes
2020-07-17,08:00,17320.0,17790.0,53,28.6,13.07,27.53,,,Yes
2020-07-18,07:00,17327.0,17814.0,3,31.1,13.69,27.83,,,Yes
2020-07-19,08:00,17332.0,17837.0,3,32.8,12.35,23.10,,,Yes
2020-07-20,07:00,17339.0,17849.0,51,29.2,13.66,23.17,,,Yes
2020-07-23,07:00,17368.0,17895.0,61,26.2,11.10,18.72,,,Yes
2020-07-24,07:00,17377.0,17913.0,1,25.6,13.62,25.93,,,Yes
2020-07-25,07:00,17382.0,17935.0,3,29.5,13.59,26.70,,,Yes
2020-07-26,07:00,17389.0,17957.0,3,31.7,13.57,23.98,,,Yes
2020-07-27,07:00,17398.0,17980.0,53,31.4,13.56,21.81,,,Yes
2020-07-28,09:00,17407.0,17992.0,61,29.2,13.00,24.12,,,Yes
2020-07-29,08:00,17413.0,18013.0,61,26.4,11.14,17.14,,,Yes
2020-07-30,07:00,17420.0,18025.0,51,25.8,13.28,23.51,,,Yes
2020-07-31,08:00,17427.0,18045.0,51,26.0,13.32,25.60,,,Yes
2020-08-01,09:00,17437.0,18068.0,51,28.4,13.18,21.94,,,Yes
2020-08-08,11:00,17458.0,18204.0,51,25.5,13.02,20.73,,,Yes
2020-08-09,07:00,17462.0,18233.0,3,29.0,13.03,19.81,,,Yes
2020-08-10,07:00,17471.0,18235.0,51,31.9,12.78,21.72,,,Yes
2020-08-11,08:00,17480.0,18256.0,51,31.5,12.03,20.31,,,Yes
2020-08-12,08:00,17487.0,18276.0,3,27.5,12.80,23.02,,,Yes
2020-08-13,08:00,17497.0,18298.0,3,28.6,12.66,25.36,,,Yes
2020-08-14,08:00,17505.0,18320.0,2,26.7,12.82,25.34,,,Yes
2020-08-15,07:00,17512.0,18343.0,53,28.8,11.56,19.11,,,Yes
2020-08-16,08:00,17531.0,18357.0,61,24.9,11.10,16.56,,,Yes
2020-08-17,09:00,17549.0,18362.0,63,25.5,10.58,18.13,,,Yes
2020-08-18,08:00,17556.0,18377.0,51,23.1,12.66,19.25,,,Yes
2020-08-19,08:00,17560.0,18395.0,51,21.2,12.63,21.93,,,Yes
2020-08-20,08:00,17569.0,18417.0,3,26.3,12.62,24.34,,,Yes
2020-08-21,08:00,17572.0,18444.0,51,28.1,12.58,21.83,,,Yes
2020-08-22,09:00,17576.0,18462.0,51,28.2,12.55,21.42,,,Yes
2020-08-23,08:00,17581.0,18478.0,3,29.4,12.53,21.90,,,Yes
2020-08-24,08:00,17584.0,18493.0,51,31.1,12.45,20.16,,,Yes
2020-08-25,08:00,17589.0,18523.0,61,27.0,12.47,21.09,,,Yes
2020-08-28,10:00,17595.0,18571.0,51,22.0,9.41,17.08,,,Yes
2020-08-29,08:00,17602.0,18581.0,61,27.0,8.23,15.22,,,Yes
2020-08-30,08:00,17609.0,18592.0,51,20.6,12.19,20.97,,,Yes
2020-08-31,09:00,17616.0,18610.0,3,25.6,12.06,20.96,,,Yes
2020-09-01,08:00,17620.0,18636.0,53,27.4,11.00,14.97,,,Yes
2020-09-02,08:00,17624.0,18644.0,55,27.2,9.41,13.19,,,Yes
2020-09-03,08:00,17628.0,18654.0,51,27.1,11.57,18.50,,,Yes
2020-09-04,08:00,17631.0,18678.0,51,23.8,11.90,20.79,,,Yes
2020-09-05,08:00,17637.0,18695.0,53,22.5,8.02,13.09,,,Yes
2020-09-06,08:00,17644.0,18704.0,3,21.8,11.87,21.80,,,Yes
2020-09-07,08:00,17647.0,18726.0,53,28.0,7.00,12.86,,,Yes
2020-09-08,08:00,17653.0,18731.0,51,25.2,11.10,17.24,,,Yes
2020-09-09,08:00,17657.0,18750.0,2,24.5,11.81,18.29,,,Yes
2020-09-10,09:00,17662.0,18771.0,51,24.0,9.72,13.73,,,Yes
2020-09-11,08:00,17665.0,18776.0,51,16.4,8.16,14.14,,,Yes
2020-09-12,09:00,17669.0,18782.0,3,27.5,10.58,18.01,,,Yes
2020-09-13,09:00,17677.0,18802.0,63,24.9,4.38,8.80,,,Yes
2020-09-14,08:00,17683.0,18807.0,3,17.7,11.56,19.00,,,Yes
2020-09-15,08:00,17688.0,18824.0,2,21.2,11.57,20.60,,,Yes
2020-09-16,08:00,17694.0,18840.0,2,26.8,11.52,20.44,,,Yes
2020-09-17,08:00,17698.0,18857.0,53,18.0,3.34,6.67,,,Yes
2020-09-18,09:00,17704.0,18864.0,53,14.5,9.08,15.79,,,Yes
2020-09-21,09:00,17719.0,18936.0,3,18.4,11.27,19.59,,,Yes
2020-09-22,08:00,17729.0,18958.0,3,19.5,11.23,19.24,,,Yes
2020-09-23,08:00,17734.0,18976.0,0,23.9,11.18,18.84,,,Yes
2020-09-24,08:00,17739.0,18997.0,3,24.0,10.63,13.59,,,Yes
2020-09-26,08:00,17747.0,19025.0,3,27.4,10.95,17.73,,,Yes
2020-09-27,08:00,17751.0,19043.0,3,29.9,10.64,17.38,,,Yes
2020-09-28,08:00,17755.0,19059.0,51,27.4,10.80,14.10,,,Yes
2020-09-29,08:00,17759.0,19072.0,63,22.9,0.05,4.58,,,Yes
2020-09-30,09:00,17763.0,19074.0,63,17.4,9.09,11.77,,,Yes
2020-10-01,08:00,17767.0,19080.0,51,16.7,10.76,14.58,,,Yes
2020-10-02,08:00,17772.0,19094.0,61,15.1,10.35,12.68,,,Yes
2020-10-03,10:00,17777.0,19103.0,53,13.6,7.08,11.76,,,Yes
2020-10-04,10:00,17786.0,19110.0,51,18.0,6.04,9.49,,,Yes
2020-10-05,08:00,17794.0,19115.0,51,16.2,9.14,11.40,,,Yes
2020-10-06,09:00,17803.0,19124.0,3,20.1,10.02,14.81,,,Yes
2020-10-07,08:00,17808.0,19134.0,63,17.2,6.27,8.94,,,Yes
2020-10-08,09:00,17812.0,19145.0,51,14.8,8.68,10.41,,,Yes
2020-10-13,08:00,17835.0,19204.0,63,16.8,8.00,11.90,,,Yes
2020-10-14,09:00,17842.0,19214.0,53,17.1,10.03,14.27,,,Yes
2020-10-15,09:00,17847.0,19230.0,53,22.5,5.00,7.40,,,Yes
2020-10-16,08:00,17851.0,19234.0,51,11.2,4.95,7.97,,,Yes
2020-10-17,10:00,17855.0,19243.0,3,14.1,9.92,13.35,,,Yes
2020-10-18,09:00,17863.0,19252.0,51,15.2,4.44,6.51,,,Yes
2020-10-19,09:00,17871.0,19255.0,55,13.6,0.00,2.34,,,Yes
2020-10-20,09:00,17876.0,19255.0,61,12.1,1.53,4.11,,,Yes
2020-10-21,08:00,17882.0,19255.0,61,20.6,0.86,4.26,,,Yes
2020-10-24,09:00,17891.0,19270.0,63,17.7,2.76,6.05,,,Yes
2020-10-25,10:00,17902.0,19273.0,3,7.8,4.34,6.71,,,Yes
2020-10-26,08:00,17910.0,19277.0,53,9.9,0.00,1.93,,,Yes
2020-10-27,08:00,17919.0,19277.0,53,9.2,2.50,4.10,,,Yes
2020-10-28,09:00,17925.0,19280.0,51,11.1,3.02,4.29,,,Yes
2020-10-29,09:00,17931.0,19285.0,53,9.6,0.00,3.11,,,Yes
2020-10-30,08:00,17938.0,19285.0,51,5.6,7.33,7.06,,,Yes
2020-10-31,09:00,17945.0,19290.0,3,7.7,9.31,12.44,,,Yes
2020-11-01,08:00,17955.0,19300.0,71,11.2,4.29,4.77,0.07,,Yes
2020-11-02,08:00,17965.0,19302.0,71,7.2,3.98,6.02,0.28,,Yes
2020-11-03,09:00,17970.0,19305.0,51,7.5,4.50,5.84,,,Yes
2020-11-04,08:00,17978.0,19308.0,0,19.5,9.13,11.24,,,Yes
2020-11-05,08:00,17982.0,19319.0,3,19.6,8.64,9.01,,,Yes
2020-11-06,08:30,17988.0,19326.0,3,19.8,9.04,10.45,,,Yes
2020-11-08,13:00,17997.0,19351.0,0,21.1,8.95,10.71,,,Yes
2020-11-09,08:00,18004.0,19354.0,1,22.9,8.90,10.24,,,Yes
2020-11-10,08:00,18014.0,19363.0,2,24.2,8.81,9.59,,,Yes
2020-11-11,08:00,18020.0,19372.0,63,20.6,2.31,3.57,,,Yes
2020-11-12,08:00,18024.0,19373.0,3,8.4,5.26,7.47,,,Yes
2020-11-13,08:00,18030.0,19380.0,53,10.2,6.88,6.44,,,Yes
2020-11-14,08:00,18040.0,19382.0,3,6.8,4.80,5.09,,,Yes
2020-11-15,08:00,18048.0,19385.0,63,13.0,2.11,3.00,,,Yes
2020-11-16,08:00,18062.0,19386.0,51,6.1,5.09,4.55,,,Yes
2020-11-17,08:00,18068.0,19387.0,73,3.3,5.49,6.11,1.54,,Yes
2020-11-18,09:00,18077.0,19390.0,3,0.9,7.07,7.41,,,Yes
2020-11-19,08:00,18085.0,19393.0,3,14.6,6.83,7.64,,,Yes
2020-11-20,08:00,18089.0,19397.0,3,17.1,8.06,7.63,,,Yes
2020-11-21,09:00,18095.0,19404.0,3,10.1,4.07,4.53,,,Yes
2020-11-22,10:00,18106.0,19404.0,73,7.2,0.00,1.76,0.91,,Yes
2020-11-23,08:00,18114.0,19404.0,53,7.7,7.35,6.26,,,Yes
2020-11-24,08:00,18122.0,19408.0,71,3.0,1.68,3.36,0.14,,Yes
2020-11-25,08:00,18131.0,19409.0,73,8.9,0.00,2.60,0.49,,Yes
2020-11-26,09:00,18153.0,19410.0,63,13.4,1.85,2.98,,,Yes
2020-11-27,08:00,18173.0,19410.0,51,10.1,5.45,4.18,,,Yes
2020-11-28,07:00,18193.0,19411.0,51,6.8,8.02,6.11,,,Yes
2020-11-29,08:00,18208.0,19415.0,3,11.6,8.03,8.25,,,Yes
2020-11-30,08:00,18224.0,19420.0,63,7.0,0.00,0.72,,,Yes
2020-12-01,09:00,18236.0,19420.0,71,5.1,2.20,3.06,0.49,,Yes
2020-12-02,09:00,18248.0,19421.0,73,3.2,3.01,3.56,2.87,,Yes
2020-12-03,08:00,18264.0,19423.0,3,7.3,8.00,8.18,,,Yes
2020-12-04,08:00,18272.0,19429.0,53,6.4,0.00,1.40,,,Yes
2020-12-05,08:00,18286.0,19429.0,73,3.5,4.52,3.18,0.77,,Yes
2020-12-06,10:00,18315.0,19429.0,3,0.1,0.00,2.14,,,Yes
2020-12-07,09:00,18330.0,19430.0,3,0.2,0.07,2.66,,,Yes
2020-12-08,08:00,18340.0,19434.0,3,0.8,6.76,6.49,,,Yes
2020-12-09,08:00,18352.0,19438.0,73,3.5,0.16,1.86,3.22,,Yes
2020-12-10,08:00,18369.0,19438.0,51,6.4,5.70,4.20,,,Yes
2020-12-11,08:00,18382.0,19439.0,3,12.8,7.90,6.77,,,Yes
2020-12-12,09:00,18393.0,19443.0,51,12.4,0.17,1.85,,,Yes
2020-12-14,09:00,18428.0,19444.0,3,3.0,0.00,1.63,,,Yes
2020-12-15,08:00,18445.0,19444.0,3,-0.7,4.07,4.33,,,Yes
2020-12-16,09:00,18467.0,19444.0,73,-3.0,0.83,3.71,1.96,,Yes
2020-12-17,09:00,18482.0,19445.0,73,-2.8,0.00,2.21,2.10,,Yes
2020-12-18,08:00,18501.0,19445.0,3,-2.8,5.93,6.42,,,Yes
2020-12-19,10:00,18514.0,19449.0,71,2.0,1.67,4.06,0.07,,Yes
2020-12-20,10:00,18535.0,19451.0,73,3.5,0.00,1.48,2.66,,Yes
2020-12-21,09:00,18562.0,19451.0,51,5.8,3.63,4.05,,,Yes
2020-12-22,08:00,18577.0,19451.0,51,4.1,7.78,5.59,,,Yes
2020-12-23,09:00,18595.0,19452.0,51,6.8,4.31,4.54,,,Yes
2020-12-24,09:00,18612.0,19454.0,63,11.4,0.00,1.21,,,Yes
2020-12-25,08:00,18630.0,19454.0,71,3.2,0.03,2.56,0.21,,Yes
2020-12-26,10:00,18653.0,19454.0,71,-3.0,6.60,5.07,0.63,,Yes
2020-12-27,09:00,18674.0,19454.0,3,2.4,6.18,6.26,,,Yes
2020-12-28,08:00,18700.0,19455.0,73,6.2,1.00,2.87,0.63,,Yes
2020-12-29,08:00,18717.0,19455.0,71,-1.1,4.90,4.13,0.35,,Yes
2020-12-30,08:00,18733.0,19456.0,73,6.5,0.22,2.36,0.35,,Yes
2020-12-31,09:00,18749.0,19457.0,53,3.5,3.62,4.28,,,Yes
2021-01-01,08:00,18771.0,19458.0,75,2.3,2.75,4.19,3.01,,Yes
2021-01-02,09:00,18793.0,19458.0,63,3.0,5.11,4.79,,,Yes
2021-01-03,08:00,18811.0,19459.0,73,2.3,0.00,1.20,0.35,,Yes
2021-01-04,09:00,18835.0,19459.0,3,1.5,0.00,1.70,,,Yes
2021-01-05,10:00,18849.0,19459.0,71,1.9,0.00,1.65,0.63,,Yes
2021-01-06,09:00,18863.0,19459.0,3,1.8,0.00,2.09,,,Yes
2021-01-07,10:00,18879.0,19459.0,3,0.6,0.00,3.08,,,Yes
2021-01-08,10:00,18897.0,19459.0,3,-1.6,0.75,3.78,,,Yes
2021-01-09,11:00,18912.0,19459.0,3,2.0,7.82,7.60,,,Yes
2021-01-10,10:00,18929.0,19463.0,3,1.0,1.12,3.65,,,Yes
2021-01-11,09:00,18942.0,19463.0,73,5.4,4.70,5.77,0.56,,Yes
2021-01-12,09:00,18967.0,19466.0,71,0.8,0.01,2.02,0.28,,Yes
2021-01-13,09:00,18980.0,19466.0,3,5.1,4.56,5.02,,,Yes
2021-01-14,08:00,18992.0,19468.0,3,4.9,0.00,3.00,,,Yes
2021-01-15,09:00,19006.0,19468.0,53,7.3,2.00,4.95,,,Yes
2021-01-16,09:00,19020.0,19470.0,55,4.0,6.17,6.29,,,Yes
2021-01-17,10:00,19036.0,19471.0,71,4.2,2.80,3.09,0.28,,Yes
2021-01-18,09:00,19052.0,19472.0,73,0.9,5.40,5.56,2.45,,Yes
2021-01-19,08:00,19073.0,19472.0,73,2.2,7.85,7.39,1.47,,Yes
2021-01-20,09:00,19089.0,19474.0,73,-2.0,4.22,6.50,1.47,,Yes
2021-01-21,09:00,19102.0,19474.0,71,3.5,4.83,4.92,0.14,,Yes
2021-01-22,10:00,19117.0,19474.0,73,0.9,3.23,4.05,4.27,,Yes
2021-01-23,09:00,19147.0,19474.0,73,-5.1,0.00,3.56,1.12,,Yes
2021-01-24,08:00,19165.0,19474.0,3,-3.9,7.08,7.90,,,Yes
2021-01-25,09:00,19183.0,19474.0,3,0.8,7.83,9.69,,,Yes
2021-01-26,08:00,19191.0,19475.0,75,-0.3,0.00,1.72,6.30,,Yes
2021-01-27,08:00,19202.0,19475.0,71,-1.5,5.87,6.95,0.28,,Yes
2021-01-28,09:00,19212.0,19475.0,71,-5.4,3.09,6.13,0.42,,Yes
2021-01-29,09:00,19234.0,19475.0,71,-6.8,0.00,4.77,0.84,,Yes
2021-01-31,08:00,19264.0,19475.0,3,-5.2,3.66,7.74,,,Yes
2021-02-01,08:00,19282.0,19475.0,73,-3.2,0.00,4.65,1.40,,Yes
2021-02-02,09:00,19293.0,19475.0,75,0.4,0.00,2.73,7.14,,Yes
2021-02-03,08:00,19300.0,19475.0,73,-0.6,8.60,10.97,0.84,,Yes
2021-02-04,08:00,19308.0,19480.0,3,4.3,8.99,12.20,,,Yes
2021-02-05,09:00,19314.0,19492.0,75,3.8,3.64,6.66,1.82,,Yes
2021-02-06,09:00,19319.0,19502.0,73,-4.2,0.00,4.45,1.75,,Yes
2021-02-07,10:00,19340.0,19503.0,71,-4.2,1.85,5.70,0.28,,Yes
2021-02-08,08:00,19352.0,19508.0,71,-4.9,8.65,10.99,0.21,,Yes
2021-02-09,10:00,19358.0,19517.0,73,-3.0,0.41,5.87,1.68,,Yes
2021-02-10,10:00,19366.0,19517.0,71,-4.2,8.37,11.76,0.14,,Yes
2021-02-11,10:00,19371.0,19520.0,71,-4.0,1.90,5.61,0.70,,Yes
2021-02-12,08:00,19377.0,19522.0,71,-7.9,3.13,6.93,0.91,,Yes
2021-02-13,10:00,19385.0,19528.0,73,-8.1,0.45,5.83,1.96,,Yes
2021-02-14,09:00,19394.0,19532.0,73,-3.2,0.10,6.80,0.42,,Yes
2021-02-15,09:00,19404.0,19536.0,75,-2.2,2.74,6.78,3.36,,Yes
2021-02-16,08:00,19414.0,19537.0,75,-1.6,0.00,3.86,9.80,,Yes
2021-02-17,09:00,19428.0,19537.0,71,-4.1,4.37,9.04,0.07,,Yes
2021-02-18,09:00,19437.0,19537.0,71,-3.3,2.72,6.85,0.70,,Yes
2021-02-19,08:00,19445.0,19537.0,73,0.2,0.85,6.18,1.33,,Yes
2021-02-20,08:00,19451.0,19537.0,73,-2.9,1.10,7.13,2.59,,Yes
2021-02-21,08:00,19461.0,19537.0,3,-0.3,9.90,14.85,,,Yes
2021-02-22,08:00,19477.0,19545.0,73,3.3,0.17,5.36,1.33,,Yes
2021-02-23,08:00,19486.0,19546.0,71,4.9,2.00,5.40,0.28,,Yes
2021-02-24,08:00,19491.0,19547.0,53,12.1,5.54,10.62,,,Yes
2021-02-25,08:00,19502.0,19554.0,3,1.0,9.58,13.02,,,Yes
2021-02-26,10:00,19514.0,19576.0,3,4.2,9.85,16.01,,,Yes
2021-02-27,08:00,19519.0,19587.0,53,10.2,5.65,9.74,,,Yes
2021-02-28,09:00,19526.0,19590.0,61,8.4,1.16,6.13,,,Yes
2021-03-01,08:00,19538.0,19595.0,71,7.6,5.01,7.35,0.28,,Yes
2021-03-02,08:00,19549.0,19601.0,3,-0.6,8.43,15.33,,,Yes
2021-03-03,07:00,19553.0,19620.0,3,7.2,9.13,12.29,,,Yes
2021-03-04,07:00,19559.0,19632.0,71,0.4,4.61,8.99,0.07,,Yes
2021-03-05,09:00,19564.0,19646.0,73,0.6,9.97,17.05,0.56,,Yes
2021-03-06,09:00,19569.0,19667.0,71,-2.2,0.27,5.99,0.07,,Yes
2021-03-07,08:00,19574.0,19677.0,2,-2.7,10.60,17.29,,,Yes
2021-03-08,08:00,19580.0,19687.0,3,11.1,9.73,13.36,,,Yes
2021-03-09,08:00,19585.0,19698.0,3,7.8,10.70,16.26,,,Yes
2021-03-10,08:00,19589.0,19714.0,3,18.6,10.00,16.96,,,Yes
2021-03-11,08:00,19595.0,19732.0,51,21.2,8.63,14.09,,,Yes
2021-03-12,08:00,19599.0,19743.0,51,11.4,10.27,17.29,,,Yes
2021-03-13,08:00,19606.0,19766.0,1,4.3,10.80,18.90,,,Yes
2021-03-14,09:00,19611.0,19788.0,71,2.7,9.82,12.68,0.35,,Yes
2021-03-15,08:00,19619.0,19801.0,3,-4.0,10.87,19.65,,,Yes
2021-03-16,08:00,19627.0,19826.0,51,6.5,3.00,8.04,,,Yes
2021-03-17,09:00,19631.0,19830.0,3,9.6,9.87,15.71,,,Yes
2021-03-18,08:00,19635.0,19844.0,53,4.2,0.00,5.84,,,Yes
2021-03-19,09:00,19647.0,19844.0,3,1.0,11.13,20.59,,,Yes
2021-03-20,09:00,19651.0,19871.0,1,11.9,11.21,20.54,,,Yes
2021-03-21,09:00,19656.0,19896.0,0,13.5,11.30,20.92,,,Yes
2021-03-22,08:00,19663.0,19917.0,3,17.9,11.35,21.00,,,Yes
2021-03-23,08:00,19667.0,19942.0,3,17.5,9.86,18.26,,,Yes
2021-03-24,07:00,19670.0,19959.0,63,20.9,5.93,9.55,,,Yes
2021-03-25,08:00,19674.0,19972.0,51,21.0,10.24,18.93,,,Yes
2021-03-26,10:00,19677.0,19993.0,61,16.2,4.44,7.09,,,Yes
2021-03-27,10:00,19680.0,19997.0,3,11.1,5.16,10.95,,,Yes
2021-03-28,09:00,19689.0,20007.0,61,16.0,1.54,5.87,,,Yes
2021-03-29,08:00,19702.0,20009.0,51,6.0,8.78,18.50,,,Yes
2021-03-30,08:00,19707.0,20035.0,3,20.5,11.62,21.78,,,Yes
2021-03-31,08:00,19709.0,20063.0,61,14.9,0.40,3.24,,,Yes
2021-04-01,09:00,19714.0,20063.0,73,3.3,7.69,11.16,1.89,,Yes
2021-04-02,08:00,19718.0,20066.0,3,2.5,11.76,23.86,,,Yes
2021-04-03,08:00,19721.0,20098.0,71,9.6,10.85,19.55,0.28,,Yes
2021-04-04,09:00,19726.0,20118.0,3,11.1,11.85,22.85,,,Yes
2021-04-05,08:00,19729.0,20145.0,3,13.2,11.84,22.31,,,Yes
2021-04-06,08:00,19732.0,20170.0,3,12.8,10.82,22.01,,,Yes
2021-04-07,07:00,19736.0,20195.0,51,14.4,11.94,22.20,,,Yes
2021-04-10,07:00,19744.0,20259.0,3,24.9,11.20,19.33,,,Yes
2021-04-11,08:00,19749.0,20277.0,61,16.0,0.00,3.54,,,Yes
2021-04-12,08:00,19752.0,20280.0,61,13.2,0.00,4.47,,,Yes
2021-04-13,08:00,19758.0,20281.0,51,13.8,5.46,10.11,,,Yes
2021-04-15,09:00,19765.0,20314.0,61,7.8,3.15,7.75,,,Yes
2021-04-16,08:00,19769.0,20317.0,53,6.2,0.00,3.49,,,Yes
2021-04-17,07:00,19774.0,20319.0,51,9.6,5.74,11.00,,,Yes
2021-04-19,07:00,19785.0,20345.0,53,15.8,12.20,21.84,,,Yes
2021-04-21,07:00,19794.0,20376.0,75,2.4,4.32,11.36,5.81,,Yes
2021-04-22,08:00,19800.0,20382.0,73,6.1,12.34,22.18,1.19,,Yes
2021-04-23,07:00,19804.0,20397.0,2,15.1,12.69,26.62,,,Yes
2021-04-24,08:00,19808.0,20428.0,3,17.0,10.93,20.45,,,Yes
2021-04-25,07:00,19811.0,20453.0,55,13.9,9.38,17.39,,,Yes
2021-04-26,07:00,19817.0,20463.0,3,8.6,12.79,26.98,,,Yes
2021-04-28,06:00,19823.0,20517.0,53,20.0,9.76,14.55,,,Yes
2021-04-29,07:00,19827.0,20526.0,61,10.0,0.00,3.81,,,Yes
2021-04-30,07:00,19832.0,20528.0,71,10.4,10.35,19.19,0.07,,Yes
2021-05-01,07:00,19836.0,20534.0,71,10.9,12.46,27.28,0.14,,Yes
2021-05-02,08:00,19848.0,20561.0,55,15.2,7.45,12.95,,,Yes
2021-05-03,08:00,19856.0,20564.0,55,19.4,5.25,14.18,,,Yes
2021-05-04,09:00,19864.0,20586.0,53,17.6,5.30,13.06,,,Yes
2021-05-05,07:00,19868.0,20592.0,53,13.6,1.89,9.18,,,Yes
2021-05-06,08:00,19871.0,20620.0,3,10.9,13.37,26.06,,,Yes
2021-05-07,08:00,19875.0,20628.0,53,6.7,0.00,6.55,,,Yes
2021-05-09,07:00,19878.0,20641.0,61,10.6,5.21,11.94,,,Yes
2021-05-13,09:00,19894.0,20724.0,2,17.2,13.62,28.21,,,Yes
2021-05-14,09:00,19897.0,20753.0,1,18.6,13.65,28.16,,,Yes
2021-05-15,09:00,19901.0,20780.0,2,20.1,13.68,26.96,,,Yes
2021-05-16,08:00,19908.0,20806.0,2,20.5,13.71,24.84,,,Yes
2021-05-17,08:00,19913.0,20823.0,2,20.3,13.75,26.41,,,Yes
2021-05-20,08:00,19924.0,20899.0,3,27.1,13.79,25.68,,,Yes
2021-05-21,07:00,19931.0,20922.0,3,28.7,13.49,25.95,,,Yes
2021-05-22,08:00,19936.0,20945.0,51,27.8,9.64,17.36,,,Yes
2021-05-23,09:00,19941.0,20958.0,51,25.8,11.38,18.29,,,Yes
2021-05-24,07:00,19948.0,20964.0,3,18.6,13.49,27.87,,,Yes
2021-05-25,10:00,19951.0,20994.0,51,31.2,13.86,22.64,,,Yes
2021-05-26,08:00,19958.0,21013.0,51,29.2,11.87,19.43,,,Yes
2021-05-27,08:00,19961.0,21027.0,3,16.6,12.46,23.05,,,Yes
2021-05-28,09:00,19966.0,21049.0,61,10.9,0.00,4.34,,,Yes
2021-05-29,09:00,19971.0,21051.0,51,14.6,11.25,21.24,,,Yes
2021-05-30,09:00,19976.0,21065.0,3,15.6,11.56,22.92,,,Yes
2021-05-31,08:00,19979.0,21093.0,3,21.4,13.91,29.44,,,Yes
2021-06-01,08:00,19985.0,21119.0,3,23.5,11.95,22.11,,,Yes
2021-06-02,10:00,19991.0,21143.0,55,23.9,8.97,20.60,,,Yes
2021-06-03,08:00,19999.0,21156.0,63,22.0,3.35,12.89,,,Yes
2021-06-04,08:00,20005.0,21163.0,3,26.2,13.97,25.21,,,Yes
2021-06-05,09:00,20010.0,21186.0,3,30.5,13.94,28.49,,,Yes
2021-06-06,08:00,20018.0,21206.0,3,31.9,14.02,28.43,,,Yes
2021-06-07,07:00,20023.0,21229.0,61,31.5,13.82,22.13,,,Yes
2021-06-08,07:00,20036.0,21240.0,63,24.5,1.81,9.95,,,Yes
2021-06-09,07:00,20042.0,21247.0,51,25.2,14.04,26.31,,,Yes
2021-06-10,08:00,20047.0,21267.0,3,22.6,14.12,29.47,,,Yes
2021-06-11,07:00,20063.0,21291.0,51,23.7,12.04,23.70,,,Yes
2021-06-12,07:00,20070.0,21308.0,3,22.9,12.48,28.24,,,Yes
2021-06-13,08:00,20074.0,21333.0,61,25.3,13.98,25.08,,,Yes
2021-06-14,08:00,20081.0,21354.0,63,22.5,10.52,16.80,,,Yes
2021-06-15,07:00,20087.0,21370.0,53,22.2,9.19,20.22,,,Yes
2021-06-16,09:00,20093.0,21389.0,3,20.2,14.13,30.20,,,Yes
2021-06-19,08:00,20111.0,21448.0,53,30.4,12.95,22.59,,,Yes
2021-06-20,07:00,20120.0,21466.0,3,25.3,14.10,27.15,,,Yes
2021-06-21,09:00,20122.0,21486.0,63,30.9,10.16,19.49,,,Yes
2021-06-22,08:00,20140.0,21498.0,3,16.1,6.24,14.79,,,Yes
2021-06-23,08:00,20148.0,21509.0,3,20.7,14.20,26.65,,,Yes
2021-06-24,09:00,20153.0,21534.0,3,28.9,13.82,29.26,,,Yes
2021-06-25,07:00,20159.0,21559.0,3,31.3,10.00,20.91,,,Yes
2021-07-06,10:00,20234.0,21731.0,53,31.0,13.57,21.46,,,Yes
2021-07-07,09:00,20243.0,21747.0,61,21.8,10.67,18.64,,,Yes
2021-07-08,09:00,20247.0,21758.0,63,24.9,5.85,13.90,,,Yes
2021-07-09,08:00,20251.0,21765.0,61,21.8,7.71,15.76,,,Yes
2021-07-10,07:00,20255.0,21768.0,51,22.5,13.79,22.26,,,Yes
2021-07-11,16:00,20259.0,21782.0,63,23.0,0.46,6.63,,,Yes
2021-07-12,06:00,20274.0,21783.0,63,22.9,7.33,13.99,,,Yes
2021-07-13,08:00,20278.0,21789.0,65,28.1,7.17,15.75,,,Yes
2021-07-14,07:00,20285.0,21807.0,61,26.4,11.12,19.62,,,Yes
2021-07-15,09:00,20291.0,21823.0,51,31.1,13.12,23.85,,,Yes
2021-07-16,08:00,20295.0,21842.0,51,23.8,6.05,16.24,,,Yes
2021-07-17,09:00,20301.0,21852.0,63,18.6,0.00,5.05,,,Yes
2021-07-18,09:00,20312.0,21854.0,53,24.7,11.36,18.97,,,Yes
2021-07-19,08:00,20318.0,21873.0,51,27.5,13.68,26.12,,,Yes
2021-07-20,08:00,20322.0,21891.0,61,28.5,10.47,21.04,,,Yes
2021-07-21,07:00,20327.0,21907.0,51,23.3,13.05,27.36,,,Yes
2021-07-24,08:00,20340.0,21967.0,53,27.9,8.12,17.68,,,Yes
2021-07-25,07:00,20345.0,21980.0,63,28.0,13.45,25.33,,,Yes
2021-07-26,08:00,20354.0,21996.0,1,28.8,13.58,24.48,,,Yes
2021-07-27,08:00,20359.0,22017.0,63,28.2,11.56,16.60,,,Yes
2021-07-28,07:00,20364.0,22026.0,51,22.4,13.37,25.32,,,Yes
2021-07-29,08:00,20372.0,22050.0,61,24.5,7.26,12.48,,,Yes
2021-07-30,08:00,20377.0,22053.0,55,20.0,11.47,21.05,,,Yes
2021-07-31,08:00,20380.0,22084.0,53,21.5,13.04,20.33,,,Yes
2021-08-01,09:00,20390.0,22085.0,63,21.0,7.91,14.00,,,Yes
2021-08-02,08:00,20399.0,22088.0,61,22.9,13.38,27.16,,,Yes
2021-08-03,08:00,20403.0,22114.0,51,24.6,13.40,24.62,,,Yes
2021-08-04,08:00,20409.0,22138.0,2,25.5,13.31,24.00,,,Yes
2021-08-05,08:00,20417.0,22153.0,3,26.3,13.28,25.41,,,Yes
2021-08-06,09:00,20423.0,22175.0,3,29.0,13.16,24.63,,,Yes
2021-08-07,08:00,20428.0,22195.0,61,29.3,11.91,20.66,,,Yes
2021-08-08,08:00,20435.0,22212.0,61,28.2,12.14,19.58,,,Yes
2021-08-09,08:00,20442.0,22228.0,3,32.3,12.87,23.02,,,Yes
2021-08-10,08:00,20453.0,22243.0,63,30.2,8.60,14.76,,,Yes
2021-08-11,07:00,20465.0,22255.0,53,32.0,12.90,21.67,,,Yes
2021-08-12,08:00,20474.0,22272.0,61,30.1,12.18,16.99,,,Yes
2021-08-13,08:00,20482.0,22282.0,51,31.0,12.58,19.38,,,Yes
2021-08-14,08:00,20489.0,22294.0,51,24.6,12.76,23.89,,,Yes
2021-08-15,10:00,20495.0,22321.0,3,22.6,12.76,22.15,,,Yes
2021-08-16,08:00,20333.0,22503.0,3,26.5,10.76,19.62,,,Yes
2021-08-17,08:00,20357.0,22509.0,63,26.9,6.58,13.82,,,Yes
2021-08-18,08:00,20514.0,22358.0,63,23.9,0.00,5.75,,,Yes
2021-08-19,08:00,20520.0,22360.0,63,26.6,11.71,19.95,,,Yes
2021-08-20,08:00,20524.0,22373.0,51,27.6,12.28,19.46,,,Yes
2021-08-21,09:00,20529.0,22393.0,53,26.0,7.88,10.83,,,Yes
2021-08-22,08:00,20534.0,22401.0,51,27.2,12.16,19.51,,,Yes
2021-08-23,08:00,20548.0,22416.0,61,28.2,12.53,19.11,,,Yes
2021-08-24,07:00,20559.0,22428.0,3,28.8,12.48,22.63,,,Yes
2021-08-25,07:00,20565.0,22451.0,3,31.9,12.07,20.65,,,Yes
2021-08-26,07:00,20570.0,22470.0,55,29.8,12.04,18.56,,,Yes
2021-08-27,06:00,20576.0,22486.0,51,24.3,12.28,22.27,,,Yes
2021-08-28,08:00,20582.0,22506.0,53,29.3,12.16,19.81,,,Yes
2021-08-29,07:00,20587.0,22524.0,61,29.3,11.46,15.91,,,Yes
2021-08-30,07:00,20593.0,22533.0,61,27.4,11.88,19.27,,,Yes
2021-08-31,08:00,20600.0,22553.0,3,24.9,11.70,19.68,,,Yes
2021-09-01,08:00,20604.0,22571.0,3,20.6,5.75,12.60,,,Yes
2021-09-02,09:00,20608.0,22580.0,3,20.2,9.60,18.47,,,Yes
2021-09-03,07:00,20612.0,22599.0,51,21.3,11.89,16.65,,,Yes
2021-09-04,08:00,20617.0,22609.0,51,24.0,11.90,21.15,,,Yes
2021-09-05,09:00,20624.0,22624.0,61,24.4,10.31,14.53,,,Yes
2021-09-06,09:00,20630.0,22637.0,51,22.3,11.52,17.80,,,Yes
2021-09-07,07:00,20635.0,22655.0,51,26.5,11.84,21.06,,,Yes
2021-09-08,08:00,20640.0,22676.0,63,25.6,8.41,12.14,,,Yes
2021-09-09,08:00,20649.0,22688.0,55,22.8,11.81,17.50,,,Yes
2021-09-10,10:00,20653.0,22709.0,51,20.9,11.79,17.60,,,Yes
2021-09-11,09:00,20657.0,22726.0,3,25.8,10.58,15.64,,,Yes
2021-09-12,08:00,20665.0,22744.0,63,24.3,0.31,5.00,,,Yes
2021-09-13,08:00,20672.0,22744.0,63,23.0,11.00,19.52,,,Yes
2021-09-14,08:00,20677.0,22762.0,53,28.8,10.78,15.45,,,Yes
2021-09-15,07:00,20689.0,22774.0,61,24.5,3.94,11.31,,,Yes
2021-09-16,08:00,20694.0,22776.0,3,23.1,11.53,19.00,,,Yes
2021-09-17,08:00,20698.0,22782.0,51,27.6,11.48,15.61,,,Yes
2021-09-20,09:00,20713.0,22842.0,3,27.8,9.33,16.90,,,Yes
2021-09-21,08:00,20717.0,22859.0,53,26.0,9.23,13.60,,,Yes
2021-09-22,08:00,20724.0,22869.0,63,24.8,4.35,7.27,,,Yes
2021-09-23,08:00,20734.0,22873.0,63,22.5,4.45,8.14,,,Yes
2021-09-24,08:00,20740.0,22879.0,3,19.4,9.93,13.59,,,Yes
2021-09-25,10:00,20746.0,22893.0,61,22.2,9.02,13.83,,,Yes
2021-09-26,10:00,20757.0,22907.0,51,20.2,11.04,16.32,,,Yes
2021-09-27,10:00,20760.0,22919.0,61,22.9,9.10,12.87,,,Yes
2021-09-28,07:00,20765.0,22933.0,51,17.4,9.48,15.13,,,Yes
2021-09-29,10:00,20772.0,22950.0,51,18.6,10.44,14.89,,,Yes
2021-09-30,08:00,20776.0,22960.0,51,15.1,10.20,13.13,,,Yes
2021-10-01,08:00,20783.0,22965.0,3,18.5,10.05,13.79,,,Yes
2021-10-02,09:00,20797.0,22989.0,3,24.6,9.79,16.19,,,Yes
2021-10-03,09:00,20800.0,22990.0,63,21.0,0.78,4.66,,,Yes
2021-10-04,09:00,20813.0,22990.0,63,18.8,0.96,6.11,,,Yes
2021-10-05,09:00,20818.0,22991.0,61,17.4,1.74,6.14,,,Yes
2021-10-06,08:00,20824.0,22993.0,3,20.0,7.63,9.15,,,Yes
2021-10-13,10:00,20856.0,23053.0,53,22.7,8.76,9.69,,,Yes
2021-10-14,08:00,20861.0,23057.0,3,23.2,10.00,13.41,,,Yes
2021-10-15,07:00,20870.0,23067.0,63,22.5,3.95,6.33,,,Yes
2021-10-16,08:00,20876.0,23068.0,63,18.7,0.65,3.44,,,Yes
2021-10-17,08:00,20894.0,23069.0,53,13.4,5.50,7.87,,,Yes
2021-10-18,08:00,20898.0,23076.0,51,11.0,7.06,9.69,,,Yes
2021-10-19,09:00,20903.0,23081.0,1,18.7,9.87,14.07,,,Yes
2021-10-20,07:00,20911.0,23091.0,51,20.8,8.85,11.19,,,Yes
2021-10-21,08:00,20916.0,23097.0,61,20.5,2.11,6.47,,,Yes
2021-10-22,09:00,20920.0,23099.0,53,13.2,8.21,9.73,,,Yes
2021-10-23,08:00,20925.0,23106.0,51,8.9,0.00,3.36,,,Yes
2021-10-24,08:00,20933.0,23107.0,53,13.9,5.11,9.28,,,Yes
2021-10-25,09:00,20941.0,23111.0,63,12.8,0.00,3.20,,,Yes
2021-10-26,07:00,20950.0,23112.0,63,11.9,0.00,1.54,,,Yes
2021-10-27,08:00,20954.0,23112.0,51,11.9,9.51,11.36,,,Yes
2021-10-28,08:00,20964.0,23121.0,3,12.0,9.47,11.47,,,Yes
2021-10-29,08:00,20969.0,23130.0,63,12.9,3.40,5.07,,,Yes
2021-10-30,09:00,20974.0,23133.0,63,13.4,1.11,3.66,,,Yes
2021-10-31,09:00,20981.0,23134.0,51,13.1,0.58,3.72,,,Yes
2021-11-01,09:00,20986.0,23135.0,3,10.9,9.28,11.08,,,Yes
2021-11-02,08:00,20996.0,23143.0,3,9.2,9.23,10.38,,,Yes
2021-11-03,09:00,21003.0,23146.0,51,7.2,9.19,10.21,,,Yes
2021-11-04,08:00,21011.0,23149.0,51,7.6,9.00,9.89,,,Yes
2021-11-05,09:00,21018.0,23153.0,3,8.2,6.08,8.38,,,Yes
2021-11-06,09:00,21025.0,23157.0,3,10.6,9.05,11.12,,,Yes
2021-11-07,10:00,21031.0,23165.0,3,14.9,9.01,10.79,,,Yes
2021-11-08,08:00,21046.0,23170.0,2,18.5,8.97,10.51,,,Yes
2021-11-09,08:00,21050.0,23177.0,53,14.4,7.00,8.73,,,Yes
2021-11-10,07:00,21055.0,23180.0,53,12.1,8.76,10.47,,,Yes
2021-11-11,07:00,21063.0,23187.0,53,14.1,3.42,6.24,,,Yes
2021-11-12,07:00,21067.0,23190.0,63,15.3,6.56,8.15,,,Yes
2021-11-13,08:00,21072.0,23196.0,53,7.6,3.13,4.04,,,Yes
2021-11-14,09:00,21078.0,23197.0,73,6.2,2.31,3.43,0.42,,Yes
2021-11-15,08:00,21099.0,23198.0,73,4.7,5.22,5.65,1.54,,Yes
2021-11-16,08:00,21105.0,23201.0,71,7.1,7.82,8.58,0.21,,Yes
2021-11-17,09:00,21112.0,23204.0,53,15.6,2.54,3.71,,,Yes
2021-11-18,07:00,21118.0,23205.0,55,15.7,0.00,1.11,,,Yes
2021-11-19,08:00,21131.0,23206.0,71,5.2,8.02,6.64,0.21,,Yes
2021-11-20,09:00,21143.0,23209.0,3,7.2,6.67,6.49,,,Yes
2021-11-21,08:00,21151.0,23213.0,61,10.3,5.13,6.47,,,Yes
2021-11-22,09:00,21162.0,23216.0,71,7.2,7.08,5.21,0.28,,Yes
2021-11-23,08:00,21171.0,23219.0,73,1.9,8.10,8.80,2.45,,Yes
2021-11-24,09:00,21181.0,23221.0,3,8.3,8.11,8.62,,,Yes
2021-11-26,10:00,21198.0,23226.0,73,6.8,1.32,2.86,2.03,,Yes
2021-11-27,09:00,21205.0,23227.0,71,0.5,2.00,4.31,0.14,,Yes
2021-11-28,08:00,21216.0,23228.0,73,2.8,0.09,3.28,1.96,,Yes
2021-11-29,08:00,21226.0,23228.0,75,1.4,4.05,5.15,1.61,,Yes
2021-11-30,09:00,21236.0,23233.0,71,3.2,0.00,3.63,0.56,,Yes
2021-12-01,08:00,21253.0,23234.0,3,5.8,5.83,6.31,,,Yes
2021-12-02,08:00,21258.0,23238.0,53,12.0,4.89,4.32,,,Yes
2021-12-03,09:00,21266.0,23240.0,71,2.2,3.16,3.98,0.21,,Yes
2021-12-04,10:00,21273.0,23244.0,71,6.9,8.00,6.53,0.07,,Yes
2021-12-05,09:00,21279.0,23245.0,71,8.2,1.86,3.18,0.21,,Yes
2021-12-06,07:00,21289.0,23246.0,63,10.8,0.00,1.11,,,Yes
2021-12-07,09:00,21297.0,23246.0,71,0.2,2.70,3.75,0.42,,Yes
2021-12-08,09:00,21306.0,23248.0,73,0.6,1.90,3.69,1.89,,Yes
2021-12-09,09:00,21319.0,23248.0,73,0.6,1.00,3.51,0.42,,Yes
2021-12-10,08:00,21332.0,23248.0,3,9.0,4.08,4.96,,,Yes
2021-12-11,09:00,21340.0,23249.0,63,17.8,0.73,3.51,,,Yes
2021-12-12,09:00,21347.0,23250.0,2,6.8,7.89,7.81,,,Yes
2021-12-13,08:00,21364.0,23256.0,3,9.1,7.86,7.61,,,Yes
2021-12-14,08:00,21371.0,23262.0,3,5.4,7.65,7.48,,,Yes
2021-12-15,09:00,21378.0,23267.0,63,11.3,0.00,1.02,,,Yes
2021-12-16,08:00,21384.0,23267.0,61,17.6,4.85,4.55,,,Yes
2021-12-17,08:00,21394.0,23270.0,3,8.4,7.83,7.75,,,Yes
2021-12-18,09:00,21400.0,23275.0,73,1.8,0.00,0.90,4.62,,Yes
2021-12-19,08:00,21415.0,23275.0,71,-1.0,3.02,4.24,0.56,,Yes
2021-12-20,08:00,21437.0,23275.0,3,3.4,5.22,5.77,,,Yes
2021-12-21,08:00,21448.0,23275.0,3,4.3,7.43,5.75,,,Yes
2021-12-22,10:00,21466.0,23278.0,73,2.6,2.00,3.52,0.98,,Yes
2021-12-23,10:00,21479.0,23279.0,73,-2.0,1.93,4.51,2.59,,Yes
2021-12-24,09:00,21493.0,23279.0,73,5.7,7.76,6.60,1.05,,Yes
2021-12-25,08:00,21510.0,23279.0,61,8.6,0.33,2.12,,,Yes
2021-12-26,09:00,21530.0,23279.0,51,4.0,6.07,4.47,,,Yes
2021-12-27,10:00,21550.0,23279.0,73,1.4,0.00,1.30,1.19,,Yes
2021-12-28,09:00,21570.0,23279.0,73,4.3,5.83,5.66,1.54,,Yes
2021-12-29,09:00,21584.0,23280.0,73,5.6,5.50,5.92,0.49,,Yes
2021-12-30,09:00,21574.0,23280.0,51,4.6,0.84,2.20,,,Yes
2021-12-31,09:00,21605.0,23281.0,53,9.2,5.23,5.10,,,Yes
2022-01-01,09:00,21616.0,23283.0,73,9.6,0.00,1.56,1.68,,Yes
2022-01-02,08:00,21630.0,23283.0,75,0.3,0.00,1.85,6.86,,Yes
2022-01-03,09:00,21639.0,23283.0,71,-6.9,1.02,4.33,0.21,,Yes
2022-01-04,08:00,21666.0,23283.0,3,2.2,5.22,6.71,,,Yes
2022-01-05,08:00,21688.0,23283.0,75,5.3,2.14,3.95,1.75,,Yes
2022-01-06,08:00,21703.0,23283.0,71,-1.3,4.93,5.54,0.35,,Yes
2022-01-07,09:00,21714.0,23283.0,71,-3.8,0.46,4.19,1.33,,Yes
2022-01-08,09:00,21730.0,23283.0,3,-0.1,8.04,8.79,,,Yes
2022-01-09,10:00,21750.0,23285.0,53,5.9,0.00,1.41,,,Yes
2022-01-10,09:00,21762.0,23285.0,73,-4.9,7.79,7.45,0.98,,Yes
2022-01-11,09:00,21773.0,23288.0,71,-6.6,6.40,6.51,0.63,,Yes
2022-01-12,08:00,21781.0,23288.0,71,3.2,0.00,2.00,0.07,,Yes
2022-01-13,08:00,21790.0,23288.0,71,3.8,0.00,2.34,0.21,,Yes
2022-01-14,08:00,21798.0,23288.0,71,1.0,2.27,4.26,0.77,,Yes
2022-01-15,10:00,21807.0,23289.0,71,-12.6,0.00,3.64,1.61,,Yes
2022-01-16,10:00,21820.0,23289.0,75,0.7,8.20,9.52,2.73,,Yes
2022-01-17,09:00,21832.0,23291.0,75,-0.5,0.00,1.81,25.34,,Yes
2022-01-18,10:00,21839.0,23291.0,71,-3.7,8.06,8.25,0.14,,Yes
2022-01-19,08:00,21854.0,23291.0,73,5.7,1.29,4.73,0.56,,Yes
2022-01-20,09:00,21867.0,23291.0,71,-2.3,0.34,5.22,1.12,,Yes
2022-01-21,09:00,21879.0,23291.0,71,-9.8,0.32,4.84,1.12,,Yes
2022-01-22,09:00,21890.0,23291.0,71,-3.8,8.03,8.85,0.21,,Yes
2022-01-23,09:00,21906.0,23291.0,73,-4.2,0.00,4.67,1.75,,Yes
2022-01-24,09:00,21923.0,23291.0,73,-6.6,4.72,7.49,1.82,,Yes
2022-01-25,09:00,21932.0,23291.0,71,-4.2,5.38,6.89,1.12,,Yes
2022-01-26,09:00,21939.0,23291.0,71,-8.1,4.53,6.66,0.35,,Yes
2022-01-27,08:00,21947.0,23291.0,71,-2.1,5.80,8.27,0.14,,Yes
2022-01-28,09:00,21960.0,23291.0,73,-2.7,0.67,6.09,1.19,,Yes
2022-01-29,09:00,21967.0,23291.0,71,-11.4,5.35,7.95,0.77,,Yes
2022-01-30,09:00,21985.0,23291.0,3,-5.2,8.82,11.31,,,Yes
2022-01-31,08:00,21999.0,23291.0,3,-0.6,8.85,11.50,,,Yes
2022-02-01,09:00,22009.0,23291.0,3,3.2,8.88,10.77,,,Yes
2022-02-02,09:00,22020.0,23293.0,61,6.1,4.00,5.80,,,Yes
2022-02-03,08:00,22027.0,23295.0,75,3.6,0.00,2.21,14.07,,Yes
2022-02-04,10:00,22038.0,23295.0,75,-6.5,0.00,3.86,7.49,,Yes
2022-02-05,09:00,22051.0,23295.0,71,-8.4,8.98,12.36,0.07,,Yes
2022-02-06,08:00,22064.0,23295.0,3,1.3,9.00,12.18,,,Yes
2022-02-07,10:00,22072.0,23295.0,3,4.9,8.18,11.21,,,Yes
2022-02-08,10:00,22087.0,23296.0,73,0.3,5.83,8.02,0.42,,Yes
2022-02-09,09:00,22098.0,23297.0,3,8.0,5.26,7.91,,,Yes
2022-02-10,09:00,22103.0,23303.0,3,3.5,9.00,9.77,,,Yes
2022-02-11,09:00,22110.0,23305.0,51,9.6,3.93,6.57,,,Yes
2022-02-12,10:00,22122.0,23312.0,73,3.3,1.25,5.52,1.12,,Yes
2022-02-13,09:00,22131.0,23315.0,73,-8.4,0.00,6.01,2.45,,Yes
2022-02-14,09:00,22139.0,23319.0,73,-10.2,4.16,8.77,0.91,,Yes
2022-02-15,09:00,22147.0,23320.0,3,-3.2,4.13,9.00,,,Yes
2022-02-16,08:00,22152.0,23326.0,3,8.9,7.15,9.57,,,Yes
2022-02-17,09:00,22162.0,23336.0,63,12.1,0.00,2.33,,,Yes
2022-02-18,08:00,22167.0,23337.0,75,0.3,6.83,10.63,6.44,,Yes
2022-02-19,09:00,22173.0,23337.0,73,-1.5,7.97,12.17,1.75,,Yes
2022-02-20,09:00,22182.0,23337.0,3,6.8,8.58,12.14,,,Yes
2022-02-21,08:00,22193.0,23343.0,3,8.9,9.84,13.22,,,Yes
2022-02-22,08:00,22201.0,23355.0,63,11.9,0.02,2.98,,,Yes
2022-02-23,08:00,22210.0,23355.0,71,12.6,3.69,7.17,0.07,,Yes
2022-02-24,08:00,22217.0,23358.0,3,-4.8,6.48,9.85,,,Yes
2022-02-25,08:00,22222.0,23372.0,75,-3.2,0.36,4.58,8.33,,Yes
2022-02-26,08:00,22235.0,23372.0,71,-2.2,6.31,11.40,0.07,,Yes
2022-02-27,09:00,22242.0,23373.0,73,1.2,6.69,11.19,0.98,,Yes
2022-02-28,09:00,22251.0,23374.0,3,-6.0,8.51,13.47,,,Yes
2022-03-01,09:00,22261.0,23381.0,73,8.3,4.12,9.01,0.28,,Yes
2022-03-02,09:00,22266.0,23387.0,73,3.7,8.59,13.75,0.70,,Yes
2022-03-03,07:00,22274.0,23401.0,71,-0.4,10.04,16.05,0.28,,Yes
2022-03-04,07:00,22280.0,23411.0,3,0.8,10.36,16.29,,,Yes
2022-03-05,08:00,22285.0,23431.0,3,7.7,5.12,11.36,,,Yes
2022-03-06,08:00,22291.0,23441.0,61,21.5,9.24,15.82,,,Yes
2022-03-07,08:00,22297.0,23458.0,75,5.6,0.00,3.30,2.24,,Yes
2022-03-08,08:00,22304.0,23459.0,75,3.0,7.30,10.75,3.22,,Yes
2022-03-09,07:00,22310.0,23469.0,53,4.7,0.75,7.04,,,Yes
2022-03-10,07:00,22315.0,23474.0,3,5.1,7.30,13.31,,,Yes
2022-03-11,08:00,22320.0,23489.0,73,8.2,4.87,10.09,1.68,,Yes
2022-03-12,08:00,22330.0,23497.0,73,-0.2,3.43,9.95,4.83,,Yes
2022-03-13,10:00,22338.0,23497.0,71,-1.0,3.83,10.49,0.98,,Yes
2022-03-14,08:00,22350.0,23497.0,3,10.3,6.12,13.85,,,Yes
2022-03-15,08:00,22360.0,23509.0,71,4.1,0.01,6.14,0.07,,Yes
2022-03-16,08:00,22366.0,23512.0,3,9.2,8.93,14.82,,,Yes
2022-03-17,08:00,22370.0,23530.0,3,18.1,10.93,18.19,,,Yes
2022-03-18,08:00,22374.0,23553.0,3,13.3,10.09,16.97,,,Yes
2022-03-19,08:00,22379.0,23569.0,63,18.5,9.47,12.07,,,Yes
2022-03-20,09:00,22395.0,23574.0,51,8.1,2.04,4.73,,,Yes
2022-03-21,08:00,22405.0,23576.0,3,11.0,10.77,18.13,,,Yes
2022-03-22,08:00,22409.0,23596.0,3,4.6,9.99,19.58,,,Yes
2022-03-23,09:00,22414.0,23616.0,73,7.3,0.00,4.47,0.49,,Yes
2022-03-24,08:00,22418.0,23618.0,61,13.9,7.58,11.92,,,Yes
2022-03-25,08:00,22423.0,23631.0,51,8.1,3.37,6.92,,,Yes
2022-03-26,08:00,22429.0,23633.0,73,8.4,8.00,14.63,0.49,,Yes
2022-03-27,08:00,22434.0,23642.0,73,0.9,1.80,9.53,2.52,,Yes
2022-03-28,08:00,22451.0,23645.0,71,-5.4,8.55,17.24,1.19,,Yes
2022-03-29,08:00,22460.0,23653.0,73,-0.9,10.01,21.11,0.91,,Yes
2022-03-30,08:00,22466.0,23677.0,71,8.2,1.92,7.32,0.07,,Yes
2022-03-31,10:00,22480.0,23691.0,63,19.3,6.50,10.81,,,Yes
2022-04-01,08:00,22477.0,23694.0,73,5.2,0.65,7.66,1.26,,Yes
2022-04-02,09:00,22482.0,23699.0,3,4.9,10.70,21.80,,,Yes
2022-04-03,09:00,22486.0,23720.0,73,3.8,0.20,7.32,2.31,,Yes
2022-04-04,08:00,22496.0,23722.0,51,6.8,7.42,15.00,,,Yes
2022-04-05,09:00,22503.0,23734.0,3,13.9,9.62,16.51,,,Yes
2022-04-06,08:00,22507.0,23756.0,63,16.4,6.17,13.91,,,Yes
2022-04-07,08:00,22515.0,23771.0,61,11.2,0.00,2.86,,,Yes
2022-04-08,08:00,22522.0,23773.0,51,11.1,9.12,17.95,,,Yes
2022-04-09,08:00,22525.0,23792.0,73,9.6,12.00,19.29,0.49,,Yes
2022-04-10,09:00,22532.0,23814.0,71,5.7,9.45,15.59,0.14,,Yes
2022-04-11,08:00,22541.0,23826.0,53,20.8,11.95,21.15,,,Yes
2022-04-12,07:00,22548.0,23838.0,55,14.4,12.02,24.44,,,Yes
2022-04-13,08:00,22550.0,22868.0,63,25.0,6.15,14.06,,,Yes
2022-04-14,07:00,22554.0,23878.0,51,21.3,8.49,12.09,,,Yes
2022-04-15,08:00,22557.0,23888.0,53,15.6,9.00,19.34,,,Yes
2022-04-16,07:00,22561.0,23899.0,73,8.8,1.66,7.74,0.49,,Yes
2022-04-17,08:00,22568.0,23901.0,73,6.7,10.59,23.67,0.63,,Yes
2022-04-18,08:00,22580.0,23923.0,61,10.9,6.83,16.66,,,Yes
2022-04-19,09:00,22586.0,23935.0,73,6.4,5.83,12.55,1.40,,Yes
2022-04-20,09:00,22590.0,23940.0,3,8.0,12.34,24.89,,,Yes
2022-04-21,08:00,22594.0,23964.0,53,14.5,2.53,6.70,,,Yes
2022-04-22,08:00,22598.0,23966.0,3,11.3,12.61,25.88,,,Yes
2022-04-23,08:00,22601.0,23995.0,3,12.5,4.23,11.03,,,Yes
2022-04-24,08:00,22608.0,24003.0,3,21.4,12.31,23.37,,,Yes
2022-04-25,09:00,22616.0,24019.0,63,25.5,9.56,17.29,,,Yes
2022-04-26,08:00,22621.0,24031.0,63,12.8,4.18,13.23,,,Yes
2022-04-27,07:00,22627.0,24039.0,71,4.3,6.55,15.68,0.14,,Yes
2022-04-28,08:00,22631.0,24045.0,2,8.1,13.00,28.17,,,Yes
2022-04-29,07:00,22634.0,24076.0,2,11.7,13.09,27.98,,,Yes
2022-04-30,08:00,22637.0,24106.0,3,11.4,12.97,28.04,,,Yes
2022-05-01,08:00,22640.0,24114.0,55,19.3,8.62,19.64,,,Yes
2022-05-02,08:00,22645.0,24149.0,63,16.3,2.99,11.92,,,Yes
2022-05-03,07:00,22650.0,24058.0,61,16.4,5.95,13.31,,,Yes
2022-05-04,07:00,22653.0,24168.0,63,13.2,0.20,5.69,,,Yes
2022-05-05,08:00,22657.0,24169.0,3,13.1,11.82,25.24,,,Yes
2022-05-06,08:00,22661.0,24194.0,3,12.0,2.35,14.58,,,Yes
2022-05-07,08:00,22667.0,24202.0,3,11.1,12.82,27.63,,,Yes
2022-05-08,07:00,22670.0,24227.0,0,12.8,13.43,28.91,,,Yes
2022-05-09,08:00,22674.0,24257.0,3,16.4,13.47,28.99,,,Yes
2022-05-10,07:00,22678.0,24286.0,3,21.9,13.51,28.89,,,Yes
2022-05-11,08:00,22682.0,24314.0,3,24.8,13.54,27.76,,,Yes
2022-05-12,08:00,22685.0,24340.0,3,23.1,13.58,28.32,,,Yes
2022-05-13,07:00,22687.0,24364.0,3,25.2,13.48,25.23,,,Yes
2022-05-16,08:00,22698.0,24431.0,63,18.5,4.90,10.70,,,Yes
2022-05-17,08:00,22702.0,24436.0,51,15.4,12.99,22.93,,,Yes
2022-05-18,08:00,22707.0,24451.0,51,14.1,7.76,19.71,,,Yes
2022-05-19,08:00,22713.0,24467.0,63,17.4,8.28,16.49,,,Yes
2022-05-20,08:00,22718.0,24470.0,63,28.9,12.58,22.09,,,Yes
2022-05-21,09:00,22723.0,24485.0,65,31.4,12.14,24.35,,,Yes
2022-05-22,10:00,22725.0,24506.0,65,24.6,9.70,15.56,,,Yes
2022-05-23,08:00,22729.0,24512.0,3,14.4,12.43,25.60,,,Yes
2022-05-24,09:00,22733.0,24537.0,3,15.9,13.84,28.22,,,Yes
2022-05-25,08:00,22735.0,24562.0,3,20.0,10.59,20.87,,,Yes
2022-05-26,08:00,22738.0,24577.0,63,28.3,10.14,20.43,,,Yes
2022-05-27,08:00,22744.0,24596.0,61,20.9,1.07,8.27,,,Yes
2022-05-28,09:00,22747.0,24602.0,63,20.2,8.00,18.76,,,Yes
2022-05-29,08:00,22752.0,24613.0,3,21.6,13.89,27.22,,,Yes
2022-05-30,08:00,22755.0,24640.0,3,27.4,13.26,27.26,,,Yes
2022-05-31,08:00,22759.0,24664.0,51,29.8,13.92,25.41,,,Yes
2022-06-01,08:00,22764.0,24686.0,63,26.6,6.60,16.10,,,Yes
2022-06-02,06:00,22768.0,24692.0,3,21.0,11.08,25.43,,,Yes
2022-06-10,08:00,22792.0,24843.0,2,21.4,14.04,29.04,,,Yes
2022-06-11,08:00,22796.0,24868.0,51,23.8,13.99,23.70,,,Yes
2022-06-12,08:00,22802.0,24885.0,63,24.9,10.48,20.50,,,Yes
2022-06-13,07:00,22807.0,24894.0,3,21.0,13.35,29.35,,,Yes
2022-06-14,09:00,22810.0,24920.0,3,22.5,12.90,28.79,,,Yes
2022-06-15,09:00,22813.0,24947.0,55,31.5,14.05,26.01,,,Yes
2022-06-16,08:00,22817.0,24965.0,65,32.9,12.91,23.30,,,Yes
2022-06-17,08:00,22820.0,24984.0,51,25.8,13.96,27.24,,,Yes
2022-06-20,09:00,22829.0,25062.0,3,22.4,13.98,29.74,,,Yes
2022-06-21,10:00,22833.0,25084.0,51,31.0,12.24,25.53,,,Yes
2022-06-22,10:00,22838.0,25106.0,53,30.7,12.67,24.55,,,Yes
2022-06-23,08:00,22843.0,25120.0,3,24.7,14.03,28.30,,,Yes
2022-06-24,08:00,22848.0,25143.0,3,26.3,14.17,29.93,,,Yes
2022-06-25,09:00,22852.0,25168.0,3,29.5,14.04,29.08,,,Yes
2022-06-26,09:00,22860.0,25193.0,61,33.8,11.47,21.94,,,Yes
2022-06-27,08:00,22867.0,25205.0,51,23.1,13.03,23.21,,,Yes
2022-06-28,09:00,22871.0,25223.0,3,21.3,14.14,27.63,,,Yes
2022-06-29,08:00,22874.0,25244.0,55,24.5,10.57,17.53,,,Yes
2022-06-30,08:00,22877.0,25256.0,3,29.6,13.31,27.57,,,Yes
2022-07-01,08:00,22882.0,25280.0,63,31.8,11.49,20.17,,,Yes
2022-07-02,08:00,22887.0,25294.0,61,28.5,14.02,28.70,,,Yes
2022-07-03,08:00,22892.0,25318.0,3,24.6,14.10,30.05,,,Yes
2022-07-04,08:00,22896.0,25343.0,3,26.1,12.35,24.97,,,Yes
2022-07-05,09:00,22903.0,25363.0,53,27.5,5.50,12.00,,,Yes
2022-07-06,07:00,22907.0,25366.0,51,23.2,8.72,19.84,,,Yes
2022-07-07,09:00,22911.0,25378.0,3,24.1,13.97,28.08,,,Yes
2022-07-08,08:00,22916.0,25399.0,3,26.2,13.36,23.79,,,Yes
2022-07-09,09:00,22923.0,25415.0,1,22.6,14.00,29.79,,,Yes
2022-07-10,08:00,22924.0,25440.0,3,27.0,13.94,28.96,,,Yes
2022-07-11,08:00,22929.0,25466.0,3,31.9,13.79,27.54,,,Yes
2022-07-12,08:00,22935.0,25481.0,53,28.8,13.03,23.31,,,Yes
2022-07-13,09:00,22941.0,25509.0,63,24.4,10.98,18.89,,,Yes
2022-07-14,07:00,22946.0,25520.0,51,23.9,13.73,26.35,,,Yes
2022-07-15,09:00,22950.0,25543.0,3,25.0,13.27,26.04,,,Yes
2022-07-16,09:00,22956.0,25567.0,3,27.1,12.08,27.15,,,Yes
2022-07-17,08:00,22961.0,25589.0,55,28.9,13.71,23.66,,,Yes
2022-07-18,08:00,22968.0,25608.0,63,25.5,3.44,9.28,,,Yes
2022-07-19,08:00,22975.0,25614.0,51,30.6,13.68,25.03,,,Yes
2022-07-20,08:00,22983.0,25637.0,63,34.1,13.67,24.69,,,Yes
2022-07-21,07:00,22993.0,25654.0,53,28.5,13.67,22.41,,,Yes
2022-07-22,09:00,22999.0,25670.0,51,29.5,13.65,23.97,,,Yes
2022-07-23,08:00,23005.0,25688.0,51,32.8,13.64,23.76,,,Yes
2022-07-24,08:00,23011.0,25704.0,53,31.2,10.00,16.93,,,Yes
2022-07-25,08:00,23018.0,25711.0,55,25.0,13.01,23.74,,,Yes
2022-07-26,07:00,23025.0,25728.0,51,24.2,12.09,18.43,,,Yes
2022-07-27,08:00,23031.0,25748.0,61,27.8,12.29,20.43,,,Yes
2022-07-28,07:00,23035.0,25764.0,61,28.8,13.29,20.54,,,Yes
2022-07-29,08:00,23041.0,25774.0,3,26.8,13.33,22.51,,,Yes
2022-07-30,09:00,23044.0,25794.0,51,25.9,13.47,21.91,,,Yes
2022-07-31,08:00,23048.0,25812.0,3,29.0,11.89,21.88,,,Yes
2022-08-01,08:00,23052.0,25827.0,53,30.3,13.45,21.52,,,Yes
2022-08-02,08:00,23057.0,25844.0,51,24.9,10.95,17.91,,,Yes
2022-08-03,07:00,23061.0,25868.0,3,34.0,13.37,26.14,,,Yes
2022-08-04,08:00,23067.0,25880.0,63,28.8,4.49,11.82,,,Yes
2022-08-05,07:00,23073.0,25887.0,65,26.6,9.92,19.50,,,Yes
2022-08-06,08:00,23081.0,25901.0,51,30.5,13.14,22.75,,,Yes
2022-08-07,09:00,23089.0,25920.0,51,31.9,12.21,20.90,,,Yes
2022-08-08,08:00,23097.0,25932.0,61,30.1,11.19,18.23,,,Yes
2022-08-09,08:00,23105.0,25941.0,53,25.5,1.90,9.46,,,Yes
2022-08-10,07:00,23110.0,25947.0,51,23.5,11.03,16.96,,,Yes
2022-08-11,08:00,23115.0,25964.0,51,24.7,12.42,23.53,,,Yes
2022-08-12,08:00,23118.0,25988.0,0,23.5,12.94,26.05,,,Yes
2022-08-13,09:00,23122.0,26015.0,2,25.1,12.91,24.63,,,Yes
2022-08-14,07:00,23125.0,26039.0,2,25.5,12.86,24.03,,,Yes
2022-08-15,07:00,23128.0,26063.0,3,25.8,12.79,23.03,,,Yes
2022-08-16,06:00,23135.0,26086.0,61,24.8,7.64,15.54,,,Yes
2022-08-17,08:00,23140.0,26094.0,61,22.8,10.44,16.23,,,Yes
2022-08-18,08:00,23145.0,26111.0,3,27.2,11.11,20.92,,,Yes
2022-08-19,08:00,23150.0,26131.0,53,27.1,12.64,21.88,,,Yes
2022-08-20,08:00,23154.0,26149.0,3,30.4,12.63,19.31,,,Yes
2022-08-21,08:00,23160.0,26168.0,63,27.8,6.51,13.78,,,Yes
2022-08-22,07:00,23166.0,26182.0,63,23.2,3.95,10.60,,,Yes
2022-08-23,08:00,23174.0,26190.0,53,25.4,8.02,13.81,,,Yes
2022-08-24,08:00,23180.0,26204.0,1,27.2,12.51,22.95,,,Yes
2022-09-01,08:00,23217.0,26342.0,3,20.2,12.10,22.48,,,Yes
2022-09-02,08:00,23222.0,26368.0,3,28.4,11.99,21.61,,,Yes
2022-09-03,09:00,23226.0,26392.0,3,30.2,10.25,18.69,,,Yes
2022-09-04,07:00,23230.0,26409.0,61,21.1,0.75,5.60,,,Yes
2022-09-05,08:00,23239.0,26410.0,63,19.4,0.16,4.13,,,Yes
2022-09-06,09:00,23250.0,26410.0,53,19.1,0.10,6.29,,,Yes
2022-09-07,08:00,23255.0,26411.0,51,21.8,9.57,15.16,,,Yes
2022-09-08,09:00,23263.0,26417.0,51,23.0,11.83,18.59,,,Yes
2022-09-09,08:00,23271.0,26432.0,1,26.3,11.81,20.51,,,Yes
2022-09-10,09:00,23276.0,26452.0,3,27.7,9.99,19.16,,,Yes
2022-09-11,09:00,23281.0,26468.0,53,20.9,0.00,4.12,,,Yes
2022-09-12,08:00,23290.0,26469.0,65,24.4,7.54,12.06,,,Yes
2022-09-13,08:00,23297.0,26477.0,63,22.4,10.94,16.81,,Dryer fixed,Yes
2022-09-14,09:00,23303.0,26491.0,51,22.9,11.23,18.09,,,Yes
2022-09-15,08:00,23306.0,26505.0,3,15.7,11.59,20.56,,,Yes
2022-09-16,08:00,23310.0,26527.0,3,19.2,5.75,10.43,,,Yes
2022-09-17,09:00,23317.0,26530.0,3,25.6,11.14,18.14,,,Yes
2022-09-18,09:00,23322.0,26548.0,61,26.5,8.98,13.78,,,Yes
2022-09-19,08:00,23330.0,26557.0,65,23.4,4.72,8.67,,,Yes
2022-09-20,08:00,23336.0,26563.0,51,22.0,9.25,14.16,,,Yes
2022-09-21,08:00,23340.0,26572.0,63,27.9,9.81,15.17,,,Yes
2022-09-22,07:00,23344.0,26584.0,61,19.3,9.68,12.19,,,Yes
2022-09-23,08:00,23351.0,26592.0,3,13.5,6.65,11.92,,,Yes
2022-09-24,08:00,23354.0,26607.0,3,17.9,10.16,16.44,,,Yes
2022-09-25,09:00,23359.0,26623.0,63,17.0,0.55,5.48,,,Yes
2022-09-26,08:00,23373.0,26624.0,63,17.0,7.85,12.13,,,Yes
2022-09-27,08:00,23378.0,26631.0,53,15.5,3.65,8.38,,,Yes
2022-09-28,07:00,23381.0,26640.0,53,14.9,6.77,11.08,,,Yes
2022-09-29,08:00,23385.0,26642.0,51,12.7,10.46,16.21,,,Yes
2022-09-30,08:00,23391.0,26658.0,3,15.2,9.92,15.77,,,Yes
2022-10-01,09:00,23394.0,26624.0,3,16.5,4.26,10.02,,,Yes
2022-10-02,08:00,23398.0,26681.0,51,13.6,7.86,12.97,,,Yes
2022-10-03,08:00,23411.0,26691.0,3,12.1,10.02,15.65,,,Yes
2022-10-04,09:00,23419.0,26704.0,3,14.7,10.20,15.53,,,Yes
2022-10-05,09:00,23424.0,26716.0,3,19.3,10.40,16.23,,,Yes
2022-10-06,08:00,23427.0,26732.0,51,22.4,8.17,10.72,,,Yes
2022-10-07,08:00,23431.0,26738.0,55,14.5,2.77,6.96,,,Yes
2022-10-08,09:00,23437.0,26744.0,3,11.1,7.68,9.19,,,Yes
2022-10-09,09:00,23447.0,26754.0,51,15.4,8.75,11.64,,,Yes
2022-10-10,08:00,23455.0,26761.0,53,12.3,7.39,11.41,,,Yes
2022-10-11,09:00,23464.0,26773.0,3,22.0,10.06,15.15,,,Yes
2022-10-12,09:00,23468.0,26786.0,53,22.1,7.57,10.76,,,Yes
2022-10-13,08:00,23472.0,26794.0,63,17.1,0.00,2.89,,,Yes
2022-10-14,08:00,23478.0,26795.0,3,15.1,8.05,11.65,,,Yes
2022-10-17,08:00,23500.0,26822.0,63,12.2,5.43,7.36,,,Yes
2022-10-18,09:00,23506.0,26826.0,73,9.7,7.13,10.08,0.21,,Yes
2022-10-19,09:00,23512.0,26829.0,61,9.2,5.40,7.86,,,Yes
2022-10-20,09:00,23517.0,26832.0,53,8.4,0.55,5.20,,,Yes
2022-10-21,08:00,23521.0,26833.0,3,17.6,9.82,13.72,,,Yes
2022-10-22,08:00,23527.0,26846.0,1,21.5,9.77,13.33,,,Yes
2022-10-23,08:00,23539.0,26858.0,3,20.2,9.44,12.99,,,Yes
2022-10-24,08:00,23555.0,26864.0,3,18.0,9.67,12.66,,,Yes
2022-10-25,08:00,23560.0,26875.0,3,23.1,9.62,11.18,,,Yes
2022-10-26,08:00,23570.0,26885.0,61,21.0,6.22,8.88,,,Yes
2022-10-27,08:00,23574.0,26890.0,3,10.2,9.52,10.84,,,Yes
2022-10-28,08:00,23581.0,26903.0,3,9.9,8.22,10.31,,,Yes
2022-11-01,08:00,23614.0,26930.0,63,17.4,8.32,6.61,,,Yes
2022-11-02,08:00,23624.0,26931.0,3,14.2,5.87,8.05,,,Yes
2022-11-03,08:00,23632.0,26938.0,3,16.4,9.20,11.37,,,Yes
2022-11-04,08:00,23641.0,26948.0,3,22.0,8.68,10.49,,,Yes
2022-11-05,08:00,23646.0,26956.0,3,23.9,5.14,7.47,,,Yes
2022-11-06,09:00,23654.0,26962.0,61,21.9,6.41,7.42,,,Yes
2022-11-07,07:00,23666.0,26965.0,2,14.4,9.02,11.20,,,Yes
2022-11-08,07:00,23673.0,26975.0,3,7.2,8.97,10.85,,,Yes
2022-11-09,07:00,23679.0,26985.0,3,15.4,8.93,10.75,,,Yes
2022-11-10,07:00,23683.0,26994.0,3,20.5,8.88,9.87,,,Yes
2022-11-11,07:00,23694.0,28002.0,63,18.4,0.77,2.79,,,Yes
2022-11-17,09:00,23727.0,27010.0,73,2.1,5.92,6.04,0.98,,Yes
2022-11-18,09:00,23733.0,27013.0,73,1.4,6.97,8.25,1.12,,Yes
2022-11-19,09:00,23745.0,27017.0,71,-0.6,7.65,8.67,0.07,,Yes
2022-11-20,10:00,23756.0,27023.0,73,-2.5,8.16,8.92,0.70,,Yes
2022-11-21,09:00,23763.0,27028.0,3,5.1,6.29,7.44,,,Yes
2022-11-22,07:00,23781.0,27033.0,3,6.2,8.24,8.07,,,Yes
2022-11-23,08:00,23789.0,27039.0,3,7.6,8.10,8.81,,,Yes
2022-11-24,08:00,23805.0,27042.0,3,11.6,8.14,7.73,,,Yes
2022-11-25,09:00,23820.0,27043.0,55,7.8,4.84,5.09,,,Yes
2022-11-27,08:00,23828.0,27048.0,61,9.9,1.60,2.26,,,Yes
2022-11-28,09:00,23842.0,27048.0,51,4.9,0.08,2.94,,,Yes
2022-11-29,09:00,23853.0,27048.0,3,8.6,4.55,5.35,,,Yes
2022-11-30,09:00,23865.0,27049.0,63,8.6,0.62,1.14,,,Yes
2022-12-01,08:00,23871.0,27049.0,3,1.6,4.90,5.05,,,Yes
2022-12-02,09:00,23878.0,27055.0,73,8.3,3.37,4.28,1.05,,Yes
2022-12-03,08:00,23883.0,27056.0,73,12.1,3.81,3.74,0.28,,Yes
2022-12-04,08:00,23892.0,27057.0,3,3.2,7.00,6.92,,,Yes
2022-12-05,08:00,23900.0,27061.0,3,7.1,6.25,6.14,,,Yes
2022-12-06,09:00,23912.0,27064.0,71,7.1,0.00,1.17,0.07,,Yes
2022-12-07,07:00,23919.0,27065.0,51,8.0,0.00,1.74,,,Yes
2022-12-08,08:00,23927.0,27068.0,3,6.2,7.95,5.96,,,Yes
2022-12-09,08:00,23939.0,27067.0,71,2.8,0.09,3.07,0.07,,Yes
2022-12-10,07:00,23950.0,27067.0,3,1.9,7.92,6.48,,,Yes
2022-12-11,10:00,23958.0,27071.0,73,3.0,0.00,1.51,3.85,,Yes
2022-12-12,08:00,23969.0,27071.0,71,-0.7,0.00,2.60,0.77,,Yes
2022-12-13,07:00,23979.0,27071.0,3,0.1,7.88,7.37,,,Yes
2022-12-14,07:00,23983.0,27076.0,71,0.4,7.65,6.94,0.21,,Yes
2022-12-15,07:00,24000.0,27078.0,75,2.0,0.00,1.09,8.33,,Yes
2022-12-16,07:00,24006.0,27078.0,71,1.9,0.00,1.08,0.07,,Yes
2022-12-17,08:00,24016.0,27078.0,71,2.5,7.32,5.98,0.21,,Yes
2022-12-18,09:00,24030.0,27080.0,73,0.2,6.29,6.75,0.77,,Yes
2022-12-19,10:00,24045.0,27081.0,73,0.3,5.63,6.18,0.98,,Yes
2022-12-20,09:00,24054.0,27082.0,71,-0.2,1.27,3.36,0.21,,Yes
2022-12-21,08:00,24071.0,27082.0,3,3.4,7.17,7.55,,,Yes
2022-12-22,09:00,24087.0,27085.0,71,4.8,1.08,2.90,0.21,,Yes
2022-12-23,08:00,24096.0,27086.0,73,4.7,0.00,1.64,3.01,,Yes
2022-12-24,10:00,24116.0,27086.0,71,-10.9,6.09,6.55,1.54,,Yes
2022-12-25,09:00,24130.0,27088.0,71,-3.7,7.78,7.24,0.49,,Yes
2022-12-26,08:00,24148.0,27090.0,71,-4.7,6.98,7.16,0.28,,Yes
2022-12-27,10:00,24170.0,27091.0,71,-2.2,5.90,5.66,0.07,,Yes
2022-12-28,10:00,24183.0,27092.0,3,7.3,5.51,5.94,,,Yes
2022-12-29,10:00,24192.0,27094.0,3,12.2,7.60,7.24,,,Yes
2022-12-30,08:00,24204.0,27094.0,3,15.4,6.00,5.14,,,Yes
2022-12-31,08:00,24218.0,27096.0,61,10.4,0.00,1.06,,,Yes
2023-01-01,08:00,24236.0,27096.0,51,6.0,1.66,2.35,,,Yes
2023-01-02,08:00,24245.0,27096.0,3,7.4,4.77,5.05,,,Yes
2023-01-03,08:00,24258.0,27097.0,55,4.6,0.00,1.28,,,Yes
2023-01-04,08:00,24270.0,27097.0,63,6.8,0.00,1.18,,,Yes
2023-01-05,09:00,24281.0,27097.0,3,7.3,6.15,6.51,,,Yes
2023-01-06,09:00,24295.0,27097.0,51,5.3,4.82,5.58,,,Yes
2023-01-07,08:00,24305.0,27099.0,71,2.2,1.75,3.20,0.07,,Yes
2023-01-08,11:00,24316.0,27099.0,3,2.1,5.50,5.90,,,Yes
2023-01-09,09:00,24328.0,27099.0,3,3.7,7.12,7.64,,,Yes
2023-01-10,09:00,24340.0,27102.0,73,1.1,0.00,2.28,0.42,,Yes
2023-01-11,08:00,24349.0,27102.0,3,3.2,3.19,4.96,,,Yes
2023-01-12,08:00,24355.0,27104.0,63,7.3,0.00,2.33,,,Yes
2023-01-13,08:00,24363.0,27104.0,75,2.8,0.00,2.19,5.95,,Yes
2023-01-14,09:00,24373.0,27104.0,71,-3.7,0.16,4.26,0.91,,Yes
2023-01-15,09:00,24397.0,27104.0,3,-3.3,5.06,6.74,,,Yes
2023-01-16,09:00,24417.0,27104.0,3,-0.3,8.31,9.02,,,Yes
2023-01-17,09:00,24429.0,27108.0,53,5.6,0.00,2.25,,,Yes
2023-01-18,11:00,24436.0,27108.0,51,5.1,1.00,2.21,,,Yes
2023-01-19,09:00,24447.0,27108.0,73,4.0,0.00,1.35,1.96,,Yes
2023-01-20,08:00,24453.0,27108.0,73,4.2,0.00,1.27,1.75,,Yes
2023-01-21,10:00,24459.0,27108.0,71,1.7,0.00,2.92,0.21,,Yes
2023-01-22,04:00,24466.0,27109.0,73,3.4,1.15,4.09,1.68,,Yes
2023-01-23,11:00,24478.0,27109.0,71,0.9,1.18,3.43,0.98,,Yes
2023-01-24,10:00,24484.0,27109.0,71,3.1,1.76,4.24,0.42,,Yes
2023-01-25,08:00,24490.0,27109.0,75,3.5,0.00,1.76,6.93,,Yes
2023-01-26,08:00,24497.0,27109.0,71,3.5,0.00,2.83,0.35,,Yes
2023-01-27,11:00,24503.0,27109.0,73,1.0,7.74,9.24,0.84,,Yes
2023-01-28,10:00,24508.0,27109.0,71,2.8,5.18,6.54,0.28,,Yes
2023-01-29,09:00,24516.0,27112.0,53,6.7,0.00,2.36,,,Yes
2023-01-30,09:00,24530.0,27113.0,73,-0.9,0.00,2.27,0.91,,Yes
2023-01-31,09:00,24537.0,27113.0,73,-3.5,3.19,4.49,0.91,,Yes
2023-02-01,09:00,24543.0,27113.0,3,-2.7,8.88,9.53,,,Yes
2023-02-02,10:00,24548.0,27118.0,73,2.7,8.89,10.05,1.26,,Yes
2023-02-03,09:00,24555.0,27125.0,71,-6.0,7.58,9.15,1.54,,Yes
2023-02-04,09:00,24563.0,27128.0,71,-2.0,7.01,9.23,0.35,,Yes
2023-02-05,09:00,24572.0,27128.0,51,8.2,4.32,7.90,,,Yes
2023-02-06,09:00,24583.0,27132.0,51,2.3,4.91,6.69,,,Yes
2023-02-07,08:00,24589.0,27133.0,55,11.6,4.36,6.40,,,Yes
2023-02-08,09:05,24594.0,27137.0,51,7.9,9.00,11.43,,,Yes
2023-02-09,09:00,24602.0,27148.0,63,12.1,0.00,1.27,,,Yes
2023-02-10,09:00,24609.0,27148.0,71,7.2,2.25,5.25,0.28,,Yes
2023-02-11,10:00,24614.0,27149.0,71,3.3,5.84,8.28,0.07,,Yes
2023-02-12,09:00,24622.0,27152.0,3,7.2,9.20,12.34,,,Yes
2023-02-13,08:00,24631.0,27161.0,3,9.2,9.34,11.01,,,Yes
2023-02-22,08:00,24664.0,27232.0,75,0.1,0.00,2.42,8.82,,Yes
2023-02-23,08:00,24681.0,27232.0,75,0.8,0.00,4.11,2.80,,Yes
2023-02-24,07:00,24689.0,27233.0,75,1.0,2.98,9.18,2.10,,Yes
2023-02-25,07:00,24695.0,27233.0,73,-1.9,1.69,6.88,1.54,,Yes
2023-02-27,08:00,24704.0,27233.0,75,2.0,7.69,11.94,4.34,,Yes
2023-02-28,08:00,24715.0,27233.0,73,4.0,3.23,7.78,0.98,,Yes
2023-03-01,08:00,24719.0,27237.0,71,5.0,1.99,6.65,0.07,,Yes
2023-03-02,08:00,24725.0,27237.0,3,5.6,6.52,11.11,,,Yes
2023-03-03,08:00,24730.0,27243.0,75,4.2,3.41,8.48,7.70,,Yes
2023-03-04,09:00,24734.0,27246.0,75,2.5,1.59,6.64,6.02,,Yes
2023-03-05,09:00,24742.0,27252.0,73,4.9,3.65,9.74,0.42,,Yes
2023-03-06,09:00,24749.0,27253.0,3,2.0,4.07,11.35,,,Yes
2023-03-07,08:00,24756.0,27255.0,71,1.2,8.92,15.77,0.14,,Yes
2023-03-08,10:00,24764.0,27264.0,71,1.1,4.14,10.31,0.07,,Yes
2023-03-09,09:00,24769.0,27285.0,3,1.4,6.69,13.21,,,Yes
2023-03-10,09:00,24776.0,27300.0,75,0.9,1.15,6.03,5.74,,Yes
2023-03-11,08:00,24785.0,27315.0,73,-0.1,8.74,16.13,1.82,,Yes
2023-03-12,09:00,24793.0,27316.0,71,1.4,4.90,12.01,0.42,,Yes
2023-03-13,09:00,24802.0,27323.0,73,2.7,0.00,6.03,1.96,,Yes
2023-03-14,09:00,24811.0,27330.0,73,-0.5,0.03,6.70,4.41,,Yes
2023-03-15,08:00,24816.0,27334.0,3,1.6,10.85,20.43,,,Yes
2023-03-16,07:00,24824.0,27334.0,3,9.4,9.46,16.97,,,Yes
2023-03-17,08:00,24833.0,27360.0,61,11.4,0.00,3.23,,,Yes
2023-03-18,09:00,24837.0,27373.0,71,3.8,8.37,16.43,0.07,,Yes
2023-03-19,08:00,24843.0,27376.0,71,0.2,6.55,13.12,0.28,,Yes
2023-03-20,09:00,24849.0,27388.0,3,7.3,11.17,20.15,,,Yes
2023-03-21,09:00,24860.0,27396.0,3,10.6,10.83,17.20,,,Yes
2023-03-22,07:00,24866.0,27421.0,51,11.6,6.98,12.32,,,Yes
2023-03-23,08:00,24869.0,27440.0,61,11.9,1.30,5.46,,,Yes
2023-03-24,09:00,24888.0,27453.0,3,4.6,9.58,18.16,,,Yes
2023-03-25,08:00,24878.0,27453.0,71,10.1,2.29,4.78,0.07,,Yes
2023-03-26,08:00,24902.0,27474.0,3,10.9,10.57,20.64,,,Yes
2023-03-30,,24920.0,27554.0,3,3.0,10.48,19.05,,,Yes
2023-03-31,09:00,24924.0,27557.0,61,9.4,0.00,3.72,,,Yes
2023-04-01,09:00,24929.0,27576.0,73,19.1,9.16,16.91,0.49,,Yes
2023-04-02,09:00,24935.0,27604.0,3,1.4,11.74,23.24,,,Yes
2023-04-03,08:00,24939.0,27618.0,3,18.2,10.43,16.25,,,Yes
2023-04-04,08:00,24945.0,27624.0,63,11.6,3.00,8.64,,,Yes
2023-04-05,10:00,24950.0,27630.0,63,22.0,0.10,7.33,,,Yes
2023-04-06,08:00,24954.0,27639.0,51,16.1,2.61,9.66,,,Yes
2023-04-07,08:00,24958.0,27666.0,3,5.2,11.97,23.66,,,Yes
2023-04-08,08:00,24962.0,27695.0,3,5.4,11.18,23.50,,,Yes
2023-04-09,09:00,24968.0,27713.0,0,8.2,12.09,24.12,,,Yes
2023-04-10,08:00,24971.0,27747.0,3,16.2,12.04,23.87,,,Yes
2023-04-11,08:00,24974.0,27762.0,3,19.5,9.58,15.75,,,Yes
2023-04-12,08:00,24977.0,27788.0,3,23.0,12.21,23.12,,,Yes
2023-04-13,08:00,24981.0,27815.0,2,25.3,12.33,23.70,,,Yes
2023-04-14,08:00,24983.0,27841.0,3,24.1,12.28,24.03,,,Yes
2023-04-15,08:00,24986.0,27864.0,3,18.2,12.04,21.79,,,Yes
2023-04-16,07:00,24989.0,27880.0,61,23.1,12.29,21.14,,,Yes
2023-04-17,08:00,24991.0,27894.0,71,12.1,2.62,9.87,0.14,,Yes
2023-04-18,09:00,24994.0,27897.0,71,7.2,3.36,12.40,0.07,,Yes
2023-04-19,07:00,24998.0,27903.0,71,7.8,8.00,18.48,0.07,,Yes
2023-04-20,09:00,25003.0,27918.0,61,9.9,9.45,20.06,,,Yes
2023-04-21,09:00,25008.0,27943.0,61,22.0,11.05,21.43,,,Yes
2023-04-22,09:00,25011.0,27966.0,61,21.0,2.36,10.86,,,Yes
2023-04-23,08:00,25014.0,27977.0,51,11.2,8.09,15.97,,,Yes
2023-04-24,08:00,25017.0,27987.0,73,8.9,7.91,14.67,0.28,,Yes
2023-04-25,10:00,25020.0,28006.0,71,10.3,10.30,20.49,0.07,,Yes
2023-04-26,08:00,25023.0,28019.0,75,8.2,9.45,18.76,1.54,,Yes
2023-04-27,07:00,25027.0,28033.0,3,11.2,12.86,26.38,,,Yes
2023-04-28,08:00,25035.0,28062.0,63,17.8,5.67,14.01,,,Yes
2023-04-29,09:00,25038.0,28072.0,61,14.6,0.94,7.14,,,Yes
2023-04-30,08:00,25042.0,28079.0,63,13.2,0.19,5.82,,,Yes
2023-05-01,08:00,25047.0,28080.0,53,11.4,12.51,20.94,,,Yes
2023-05-02,08:00,25051.0,28093.0,53,9.1,5.07,13.59,,,Yes
2023-05-03,08:00,25054.0,28101.0,53,7.4,2.64,13.05,,,Yes
2023-05-04,07:00,25058.0,28107.0,53,10.4,7.82,16.87,,,Yes
2023-05-05,08:00,25064.0,28116.0,3,11.1,12.72,22.59,,,Yes
2023-05-06,07:00,25068.0,28144.0,3,16.5,13.35,26.91,,,Yes
2023-05-07,08:00,25071.0,28170.0,61,19.5,6.45,14.83,,,Yes
2023-05-08,08:00,25074.0,28184.0,3,17.0,13.43,27.67,,,Yes
2023-05-09,08:00,25078.0,28211.0,3,15.4,12.12,26.96,,,Yes
2023-05-10,08:00,25082.0,28234.0,3,19.7,13.50,28.22,,,Yes
2023-05-11,06:00,25084.0,28262.0,3,22.7,13.53,24.90,,,Yes
2023-05-12,08:00,25090.0,28284.0,3,24.9,13.33,24.70,,,Yes
2023-05-13,08:00,25092.0,28309.0,3,21.4,13.18,27.31,,,Yes
2023-05-14,07:00,25096.0,28334.0,3,15.3,13.24,26.09,,,Yes
2023-05-15,08:00,25099.0,28358.0,3,21.5,13.67,29.39,,,Yes
2023-05-16,08:00,25104.0,28384.0,3,24.0,11.73,27.13,,,Yes
2023-05-17,08:00,25109.0,28403.0,3,10.0,13.73,29.21,,,Yes
2023-05-18,08:00,25111.0,28424.0,3,13.8,13.76,29.51,,,Yes
2023-05-19,07:00,25114.0,28457.0,55,25.3,9.13,19.21,,,Yes
2023-05-20,08:00,25120.0,28460.0,65,18.8,1.05,5.86,,,Yes
2023-05-21,08:00,25124.0,28470.0,3,22.2,13.80,27.83,,,Yes
2023-05-22,08:00,25126.0,28493.0,1,15.3,13.81,28.70,,,Yes
2023-05-23,09:00,25130.0,28517.0,3,21.8,13.83,25.02,,,Yes
2023-05-24,07:00,25138.0,28539.0,55,18.6,9.72,15.28,,,Yes
2023-05-25,06:00,25141.0,28548.0,2,13.8,13.85,29.59,,,Yes
2023-05-26,07:00,25144.0,28576.0,0,17.8,13.86,30.29,,,Yes
2023-05-27,07:00,25146.0,28605.0,0,20.4,13.87,29.40,,,Yes
2023-05-28,08:00,25150.0,28630.0,0,23.4,13.89,29.67,,,Yes
2023-05-29,08:00,25153.0,28656.0,0,21.4,13.90,29.39,,,Yes
2023-05-30,08:00,25159.0,28682.0,0,25.5,13.91,28.65,,,Yes
2023-05-31,09:00,25163.0,28703.0,0,25.0,13.94,29.30,,,Yes
2023-06-01,08:00,25167.0,28732.0,2,26.4,13.95,29.55,,,Yes
2023-06-02,08:00,25171.0,28754.0,3,26.4,11.67,26.19,,,Yes
2023-06-03,07:00,25174.0,28776.0,3,18.9,13.93,29.86,,,Yes
2023-06-04,08:00,25178.0,28800.0,3,20.4,14.01,30.87,,,Yes
2023-06-05,08:00,25181.0,28827.0,3,23.4,10.27,24.20,,,Yes
2023-06-06,07:00,25183.0,28843.0,53,22.4,13.98,29.21,,,Yes
2023-06-07,08:00,25187.0,28857.0,51,20.4,12.94,29.48,,,Yes
2023-06-08,07:00,25189.0,28877.0,51,15.6,8.89,16.28,,,Yes
2023-06-09,08:00,25193.0,28890.0,53,18.2,12.45,21.33,,,Yes
2023-06-10,08:00,25199.0,28901.0,51,23.4,13.96,27.04,,,Yes
2023-06-11,08:00,25203.0,28917.0,53,25.1,4.10,12.16,,,Yes
2023-06-12,09:00,25208.0,28927.0,63,21.6,0.19,5.57,,,Yes
2023-06-13,09:00,25213.0,28931.0,53,19.1,11.19,19.81,,,Yes
2023-06-14,08:00,25216.0,28949.0,53,16.2,4.88,14.79,,,Yes
2023-06-15,08:00,25220.0,28957.0,51,22.1,10.96,24.02,,,Yes
2023-06-16,08:00,25223.0,28971.0,51,20.1,10.09,19.34,,,Yes
2023-06-17,09:00,25227.0,28974.0,2,22.9,14.16,29.19,,,Yes
2023-06-18,09:00,25229.0,29000.0,3,21.0,14.13,28.06,,,Yes
2023-06-19,08:00,25233.0,29022.0,3,23.4,13.96,28.91,,,Yes
2023-06-20,07:00,25237.0,29047.0,3,23.0,14.15,27.89,,,Yes
2023-06-21,07:00,25240.0,29069.0,1,24.9,14.09,27.60,,,Yes
2023-06-22,07:00,25244.0,29090.0,3,23.5,13.38,24.45,,,Yes
2023-06-23,07:00,25249.0,29111.0,61,24.0,3.77,12.71,,,Yes
2023-06-24,07:00,25255.0,29120.0,51,23.0,11.22,18.48,,,Yes
2023-06-25,08:00,25264.0,29124.0,63,25.3,11.53,19.32,,,Yes
2023-06-26,09:00,25270.0,29136.0,65,28.4,9.93,20.88,,,Yes
2023-06-27,08:00,25275.0,29149.0,63,25.8,11.58,20.65,,,Yes
2023-06-28,07:00,25279.0,29166.0,51,22.1,5.64,14.43,,,Yes
2023-06-29,07:00,25283.0,29171.0,3,23.5,14.11,29.19,,,Yes
2023-06-30,08:00,25289.0,29192.0,51,28.0,10.34,22.11,,,Yes
2023-07-03,09:00,25297.0,29219.0,55,23.9,8.64,16.54,,,Yes
2023-07-04,08:00,25301.0,29226.0,1,28.3,14.04,27.83,,,Yes
2023-07-05,09:00,25306.0,29245.0,51,28.9,14.00,24.07,,,Yes
2023-07-06,07:00,25311.0,29261.0,51,31.7,12.85,24.20,,,Yes
2023-07-07,07:00,25314.0,29280.0,61,26.3,8.57,16.92,,,Yes
2023-07-18,09:00,25375.0,29464.0,53,26.8,13.73,23.68,,,Yes
2023-07-19,09:00,25381.0,29478.0,51,23.9,13.74,26.40,,,Yes
2023-07-20,08:00,25385.0,29499.0,65,29.1,12.67,24.20,,,Yes
2023-07-21,08:00,25391.0,29520.0,63,25.0,13.00,23.60,,,Yes
2023-07-22,08:00,25397.0,29537.0,51,25.6,13.67,26.72,,,Yes
2023-07-25,08:00,25411.0,29593.0,63,26.5,11.06,18.65,,,Yes
2023-07-26,08:00,25415.0,29603.0,51,31.5,13.19,24.26,,,Yes
2023-07-27,08:00,25420.0,29625.0,63,27.9,11.93,19.83,,,Yes
2023-07-28,07:00,25425.0,29633.0,3,30.0,12.88,26.07,,,Yes
2023-07-29,08:00,25430.0,29653.0,65,23.9,0.80,4.55,,,Yes
2023-07-30,08:00,25436.0,29653.0,53,23.8,13.52,26.53,,,Yes
2023-07-31,09:00,25438.0,29680.0,51,21.9,13.32,23.09,,,Yes
2023-08-01,07:00,25440.0,29700.0,51,21.5,13.39,24.45,,,Yes
2023-08-02,09:00,25443.0,29724.0,3,26.7,13.41,22.80,,,Yes
2023-08-03,07:00,25448.0,29745.0,53,29.1,12.62,23.30,,,Yes
2023-08-04,07:00,25453.0,29764.0,61,25.6,13.03,23.48,,,Yes
2023-08-05,07:00,25461.0,29783.0,51,22.8,12.75,21.67,,,Yes
2023-08-06,08:00,25465.0,29799.0,3,26.2,12.32,25.62,,,Yes
2023-08-07,06:00,25472.0,29820.0,63,29.1,6.00,16.15,,,Yes
2023-08-08,07:00,25480.0,29829.0,61,21.7,3.43,7.55,,,Yes
2023-08-09,07:00,25490.0,29831.0,51,26.8,12.88,23.68,,,Yes
2023-08-12,11:00,25505.0,29879.0,63,27.6,10.73,17.75,,,Yes
2023-08-13,08:00,25509.0,29895.0,53,24.8,12.62,19.89,,,Yes
2023-08-14,09:00,25516.0,29911.0,51,22.2,6.42,14.81,,,Yes
2023-08-15,07:00,25522.0,29919.0,63,22.8,7.59,15.02,,,Yes
2023-08-16,07:00,25527.0,29933.0,63,25.5,11.90,22.97,,,Yes
2023-08-17,07:00,25532.0,29947.0,51,28.5,12.42,19.77,,,Yes
2023-08-18,07:00,25536.0,29954.0,61,20.2,7.13,14.80,,,Yes
2023-08-19,07:00,25541.0,29963.0,3,23.7,12.67,25.08,,,Yes
2023-08-20,08:00,25545.0,29989.0,3,28.4,12.41,22.21,,,Yes
2023-08-21,08:00,25551.0,30008.0,53,22.1,5.32,10.52,,,Yes
2023-08-22,08:00,25556.0,30018.0,3,22.3,12.57,24.29,,,Yes
2023-08-23,07:00,25560.0,30041.0,3,24.4,10.50,19.27,,,Yes
2023-08-24,08:00,25565.0,30054.0,63,23.1,0.86,8.24,,,Yes
2023-08-25,08:00,25572.0,30056.0,65,23.1,1.88,8.77,,,Yes
2023-08-26,07:00,25583.0,30064.0,51,23.6,12.23,20.48,,,Yes
2023-08-27,08:00,25589.0,30076.0,51,19.4,12.44,19.33,,,Yes
2023-08-28,09:00,25599.0,30091.0,3,22.5,12.16,19.37,,,Yes
2023-08-29,08:00,25603.0,30111.0,51,24.5,12.02,18.36,,,Yes
2023-08-30,07:00,25606.0,30129.0,51,22.0,12.15,19.39,,,Yes
2023-08-31,08:00,25614.0,30134.0,2,19.5,12.18,23.50,,,Yes
2023-09-01,07:00,25621.0,30158.0,0,23.2,12.11,22.62,,,Yes
2023-09-02,08:00,25624.0,30181.0,3,27.8,8.39,16.70,,,Yes
2023-09-03,08:00,25630.0,30195.0,3,29.8,11.92,21.93,,,Yes
2023-09-04,08:00,25634.0,30217.0,3,30.1,11.93,21.28,,,Yes
2023-09-05,07:00,25639.0,30235.0,2,29.6,11.90,20.73,,,Yes
2023-09-06,06:00,25643.0,30249.0,51,31.3,11.87,19.23,,,Yes
2023-09-07,07:00,25652.0,30264.0,63,29.1,6.26,13.65,,,Yes
2023-09-08,09:00,25657.0,30271.0,51,22.1,3.12,8.73,,,Yes
2023-09-09,07:00,25660.0,30280.0,61,19.5,0.72,7.66,,,Yes
2023-09-10,08:00,25668.0,30281.0,61,21.6,5.10,11.39,,,Yes
2023-09-11,07:00,25682.0,30284.0,51,21.5,11.36,19.00,,,Yes
2023-09-12,07:00,25685.0,30300.0,61,25.2,4.52,9.13,,,Yes
2023-09-13,08:00,25689.0,30306.0,3,20.9,11.70,17.65,,,Yes
2023-09-14,07:00,25693.0,30319.0,51,18.2,11.65,16.83,,,Yes
2023-09-15,08:00,25697.0,30335.0,0,19.5,11.60,20.32,,,Yes
2023-09-16,08:00,25700.0,30354.0,3,21.0,11.55,20.31,,,Yes
2023-09-17,09:00,25706.0,30372.0,53,23.2,10.34,16.39,,,Yes
2023-09-18,07:00,25711.0,30384.0,65,20.1,11.46,15.21,,,Yes
2023-09-19,07:00,25721.0,30391.0,51,19.3,11.41,19.48,,,Yes
2023-09-20,08:00,25728.0,30411.0,0,18.1,11.36,20.03,,,Yes
2023-09-21,09:00,25731.0,30431.0,0,21.3,11.31,19.37,,,Yes
2023-09-22,07:00,25735.0,30450.0,3,23.2,11.20,19.10,,,Yes
2023-09-23,06:00,25741.0,30467.0,3,20.5,7.57,15.06,,,Yes
2023-09-24,06:00,25748.0,30478.0,3,19.0,3.63,8.87,,,Yes
2023-09-25,06:00,25737.0,30479.0,3,20.2,9.97,13.36,,,Yes
2023-09-26,09:00,25762.0,30485.0,3,20.2,10.32,16.04,,,Yes
2023-09-27,08:00,25766.0,30496.0,3,20.4,10.23,16.35,,,Yes
2023-09-28,08:00,25770.0,30511.0,53,21.3,9.10,16.35,,,Yes
2023-09-29,09:00,25774.0,30524.0,51,22.6,7.96,10.95,,,Yes
2023-09-30,07:00,25778.0,30532.0,3,21.4,10.44,15.77,,,Yes
2023-10-01,09:00,25782.0,30546.0,3,23.4,10.73,16.63,,,Yes
2023-10-02,07:00,25787.0,30561.0,51,24.1,10.56,15.90,,,Yes
2023-10-03,08:00,25796.0,30574.0,1,27.2,10.54,15.77,,,Yes
2023-10-04,07:00,25799.0,30587.0,2,29.2,10.50,16.49,,,Yes
2023-10-05,07:00,25803.0,30601.0,3,29.8,10.05,15.37,,,Yes
2023-10-06,07:00,25807.0,30611.0,63,21.5,2.01,4.96,,,Yes
2023-10-06,09:00,,,63,21.5,2.01,4.96,,,Yes
2023-10-07,07:00,4.0,4.0,61,16.4,5.03,7.64,,,Yes
2023-10-08,07:00,14.0,10.0,53,14.0,8.00,11.87,,,Yes
2023-10-09,08:00,22.0,13.0,3,12.9,7.64,10.59,,,Yes
2023-10-10,09:00,28.0,19.0,51,11.6,0.00,3.26,,,Yes
2023-10-11,08:00,35.0,21.0,51,14.9,7.60,9.92,,,Yes
2023-10-12,07:00,40.0,25.0,3,14.9,10.05,11.47,,,Yes
2023-10-13,06:00,49.0,34.0,51,13.5,10.01,11.26,,,Yes
2023-10-14,07:00,55.0,39.0,53,11.4,0.00,3.07,,,Yes
2023-10-15,07:00,63.0,45.0,61,9.6,0.09,3.32,,,Yes
2023-10-16,07:00,71.0,48.0,55,12.2,0.00,3.12,,,Yes
2023-10-17,08:00,79.0,48.0,53,11.9,0.19,4.66,,,Yes
2023-10-18,09:00,90.0,49.0,51,15.4,4.89,7.03,,,Yes
2023-10-20,08:00,97.0,58.0,53,17.0,1.99,4.22,,,Yes
2023-10-21,08:00,102.0,58.0,51,13.1,4.45,6.51,,,Yes
2023-10-22,08:00,106.0,59.0,53,8.6,0.00,2.54,,,Yes
2023-10-23,08:00,119.0,60.0,3,11.7,9.73,12.57,,,Yes
2023-10-24,08:00,119.0,69.0,53,22.1,9.20,12.57,,,Yes
2023-10-25,08:00,122.0,74.0,61,21.4,0.19,4.14,,,Yes
2023-10-26,10:00,129.0,81.0,63,23.0,4.49,6.81,,,Yes
2023-10-27,08:00,136.0,84.0,51,23.8,7.67,9.96,,,Yes
2023-10-28,08:00,141.0,91.0,51,19.0,5.64,8.14,,,Yes
2023-10-29,09:00,146.0,99.0,61,9.6,0.00,2.07,,,Yes
2023-10-30,08:00,154.0,100.0,61,7.8,0.00,2.43,,,Yes
2023-10-31,09:00,160.0,100.0,51,7.6,5.78,8.04,,,Yes
2023-11-01,08:00,168.0,106.0,73,4.2,9.25,8.01,0.98,,Yes
2023-11-02,10:00,180.0,109.0,3,9.2,6.43,7.93,,,Yes
2023-11-03,09:00,184.0,111.0,3,15.0,7.71,10.78,,,Yes
2023-11-04,08:00,188.0,117.0,51,13.0,1.15,4.01,,,Yes
2023-11-05,08:00,195.0,117.0,51,9.1,8.58,11.01,,,Yes
2023-11-06,08:00,205.0,124.0,55,14.0,3.01,5.59,,,Yes
2023-11-07,07:00,210.0,127.0,53,14.6,5.22,6.26,,,Yes
2023-11-08,08:00,215.0,129.0,75,3.4,3.16,6.13,1.40,,Yes
2023-11-09,09:00,224.0,132.0,61,10.6,2.35,5.06,,,Yes
2023-11-10,08:00,229.0,132.0,3,11.1,6.68,7.69,,,Yes
2023-11-11,09:00,235.0,134.0,51,5.1,3.40,4.55,,,Yes
2023-11-12,08:00,241.0,138.0,51,5.1,5.50,6.22,,,Yes
2023-11-13,09:00,247.0,143.0,51,9.4,8.13,7.03,,,Yes
2023-11-14,08:00,252.0,147.0,51,7.0,4.80,5.68,,,Yes
2023-11-15,07:00,257.0,153.0,3,14.4,8.09,8.16,,,Yes
2023-11-16,08:00,265.0,158.0,3,14.8,8.55,9.14,,,Yes
2023-11-17,09:00,272.0,162.0,61,15.2,0.00,1.62,,,Yes
2023-11-18,09:00,279.0,163.0,51,7.2,6.11,6.19,,,Yes
2023-11-19,09:00,285.0,169.0,51,7.9,7.10,7.61,,,Yes
2023-11-20,08:00,292.0,172.0,3,1.6,8.29,8.91,,,Yes
2023-11-21,10:00,301.0,174.0,63,6.2,0.00,1.48,,,Yes
2023-11-22,10:00,307.0,179.0,61,9.9,0.00,2.18,,,Yes
2023-11-23,08:00,324.0,179.0,3,8.1,0.53,2.80,,,Yes
2023-11-24,08:00,347.0,179.0,71,2.8,3.09,4.74,0.35,,Yes
2023-11-25,09:00,355.0,182.0,71,4.5,7.37,7.60,0.07,,Yes
2023-11-26,07:00,364.0,185.0,73,8.6,7.88,7.49,0.49,,Yes
2023-11-27,10:00,373.0,189.0,3,5.7,5.59,6.83,,,Yes
2023-11-29,08:00,383.0,190.0,71,0.5,1.00,3.96,0.14,,Yes
2023-11-29,08:00,391.0,192.0,71,0.5,1.00,3.96,0.14,,Yes
2023-11-30,08:00,403.0,192.0,3,9.6,7.54,8.23,,,Yes
2023-12-01,09:00,411.0,197.0,61,8.2,0.00,1.03,,,Yes
2023-12-02,09:00,417.0,197.0,53,6.6,0.00,1.08,,,Yes
2023-12-03,09:00,425.0,197.0,63,10.7,2.00,3.28,,,Yes
2023-12-04,09:00,441.0,198.0,51,5.9,0.00,2.16,,,Yes
2023-12-05,08:00,452.0,198.0,71,2.5,3.00,2.96,1.75,,Yes
2023-12-06,09:00,459.0,199.0,73,0.9,0.00,2.65,0.84,,Yes
2023-12-07,07:00,467.0,199.0,73,3.7,0.00,2.68,1.33,,Yes
2023-12-08,08:00,475.0,199.0,3,8.2,6.82,6.63,,,Yes
2023-12-09,08:00,483.0,201.0,61,14.6,4.94,4.13,,,Yes
2023-12-10,08:00,486.0,202.0,53,12.9,0.00,1.06,,,Yes
2023-12-11,08:00,504.0,202.0,71,2.8,1.91,3.01,0.14,,Yes
2023-12-12,08:00,512.0,205.0,3,7.3,7.89,7.40,,,Yes
2023-12-13,08:00,521.0,205.0,71,1.9,7.88,6.26,0.21,,Yes
2023-12-14,09:00,527.0,208.0,3,6.2,7.82,7.08,,,Yes
2023-12-15,08:00,537.0,211.0,3,10.1,7.86,7.56,,,Yes
2023-12-16,08:00,542.0,216.0,3,8.6,5.12,5.40,,,Yes
2023-12-17,10:00,550.0,218.0,53,11.1,0.00,2.33,,,Yes
2023-12-18,09:00,559.0,218.0,75,8.6,0.00,1.81,1.68,,Yes
2023-12-19,07:00,568.0,218.0,75,0.8,1.05,3.16,4.76,,Yes
2023-12-20,09:00,570.0,218.0,3,4.2,5.15,5.86,,,Yes
2023-12-21,09:00,617.0,218.0,3,1.2,4.05,4.59,,,Yes
2023-12-22,09:00,636.0,220.0,3,2.5,6.20,5.97,,,Yes
2023-12-23,09:00,649.0,222.0,53,3.0,0.00,1.24,,,Yes
2023-12-24,09:00,662.0,222.0,53,6.4,0.00,2.64,,,Yes
2023-12-25,08:00,684.0,222.0,3,11.9,7.69,7.11,,,Yes
2023-12-26,07:00,705.0,223.0,53,10.9,1.73,2.64,,,Yes
2023-12-27,06:00,723.0,223.0,61,10.4,0.00,1.05,,,Yes
2023-12-28,07:00,739.0,223.0,61,8.6,0.00,2.11,,,Yes
2023-12-29,08:00,755.0,224.0,53,6.3,0.00,1.14,,,Yes
2023-12-30,08:00,775.0,225.0,71,3.5,0.00,1.83,0.21,,Yes
2024-01-01,09:00,808.0,225.0,71,-0.1,0.10,3.12,0.63,,Yes
2024-01-02,10:00,829.0,225.0,3,4.3,6.53,5.83,,,Yes
2024-01-03,08:00,852.0,225.0,71,2.7,0.00,2.20,0.21,,Yes
2024-01-04,10:00,856.0,226.0,71,0.4,6.36,6.85,0.42,,Yes
2024-01-05,10:00,876.0,228.0,71,1.3,7.39,6.83,0.07,,Yes
2024-01-06,09:00,902.0,229.0,75,1.8,1.05,3.61,3.99,,Yes
2024-01-07,09:00,910.0,230.0,73,0.2,0.00,2.84,2.66,,Yes
2024-01-08,09:00,923.0,230.0,3,3.5,5.29,6.15,,,Yes
2024-01-09,09:00,931.0,230.0,73,9.8,0.00,1.44,1.26,,Yes
2024-01-10,08:00,937.0,230.0,55,9.2,2.72,3.74,,,Yes
2024-01-11,07:00,945.0,231.0,73,2.9,0.00,2.51,1.54,,Yes
2024-01-12,10:00,961.0,231.0,73,4.4,4.29,5.76,0.91,,Yes
2024-01-13,07:00,967.0,234.0,73,4.1,3.70,4.72,0.49,,Yes
2024-01-14,09:00,978.0,235.0,73,-1.9,7.37,7.18,0.98,,Yes
2024-01-15,09:00,993.0,236.0,71,-6.4,4.16,5.59,0.07,,Yes
2024-01-16,08:00,1002.0,243.0,73,-5.8,1.86,4.91,1.26,,Yes
2024-01-17,09:00,1016.0,243.0,71,-7.3,3.39,5.43,0.42,,Yes
2024-01-18,07:00,1028.0,247.0,73,-2.8,1.95,4.01,1.47,,Yes
2024-03-19,08:00,1493.0,614.0,73,2.2,1.84,7.99,2.17,,Yes
2024-03-20,08:00,1499.0,617.0,73,1.7,5.53,10.66,2.10,,Yes
2024-03-21,09:00,1511.0,630.0,73,-1.4,5.36,12.05,0.49,,Yes
2024-03-22,09:00,1518.0,630.0,73,-1.4,0.00,6.06,2.45,,Yes
2024-03-23,09:00,1528.0,630.0,73,0.4,4.45,11.47,2.87,,Yes
2024-03-24,09:00,1536.0,650.0,3,-1.0,11.45,21.57,,,Yes
2024-03-26,08:00,1540.0,674.0,3,14.9,3.28,11.83,,,Yes
2024-03-27,09:00,1545.0,686.0,55,12.4,5.34,10.66,,,Yes
2024-03-28,09:00,1549.0,698.0,3,7.2,11.50,20.58,,,Yes
2024-03-29,07:00,1556.0,715.0,3,4.9,9.18,14.70,,,Yes
2024-03-30,07:00,1560.0,724.0,3,7.3,10.21,19.58,,,Yes
2024-03-31,08:00,1564.0,744.0,3,7.9,11.44,18.27,,,Yes
2024-04-01,08:00,1569.0,762.0,3,8.9,8.97,20.23,,,Yes
2024-04-02,08:00,1575.0,782.0,61,6.9,0.00,3.43,,,Yes
2024-04-03,07:00,1585.0,783.0,63,8.2,0.65,3.55,,,Yes
2024-04-04,08:00,1599.0,783.0,73,3.5,0.04,5.93,2.17,,Yes
2024-04-05,09:00,1607.0,785.0,73,5.3,4.14,12.59,1.33,,Yes
2024-04-06,07:00,1614.0,789.0,51,10.9,11.83,22.41,,,Yes
2024-04-07,07:00,1620.0,815.0,3,11.8,12.02,23.71,,,Yes
2024-04-08,07:00,1626.0,840.0,3,15.6,7.34,11.50,,,Yes
2024-04-09,08:00,1631.0,847.0,3,21.9,11.91,22.70,,,Yes
2024-04-10,08:00,1636.0,872.0,55,16.6,5.25,12.02,,,Yes
2024-04-11,07:00,1641.0,880.0,63,22.4,5.05,10.70,,,Yes
2024-04-12,07:00,1653.0,883.0,63,17.8,1.80,8.30,,,Yes
2024-04-24,09:00,1709.0,1011.0,53,10.3,6.41,11.99,,,Yes
2024-04-25,08:00,1713.0,1013.0,0,6.0,12.82,27.28,,,Yes
2024-04-26,08:00,1718.0,1042.0,3,12.6,12.93,27.29,,,Yes
2024-04-27,09:00,1722.0,1072.0,61,14.9,1.76,9.11,,,Yes
2024-04-28,09:00,1725.0,1077.0,53,22.0,6.69,13.98,,,Yes
2024-04-29,08:00,1730.0,1081.0,51,13.2,9.39,18.51,,,Yes
2024-04-30,07:00,1733.0,1101.0,55,14.1,3.78,10.13,,,Yes
2024-05-01,07:00,1737.0,1106.0,3,17.0,10.06,19.77,,,Yes
2024-05-02,08:00,1740.0,1122.0,3,17.2,13.23,26.97,,,Yes
2024-05-03,08:00,1744.0,1149.0,51,21.9,12.21,24.39,,,Yes
2024-05-04,08:00,1748.0,1169.0,51,23.0,6.17,14.62,,,Yes
2024-05-05,09:00,1754.0,1177.0,63,18.8,4.03,9.80,,,Yes
2024-05-06,07:00,1757.0,1183.0,51,17.5,12.00,25.22,,,Yes
2024-05-07,08:00,1762.0,1209.0,3,17.9,12.87,27.84,,,Yes
2024-05-08,08:00,1765.0,1237.0,63,21.9,10.85,21.89,,,Yes
2024-05-09,08:00,1771.0,1259.0,51,14.1,9.61,23.73,,,Yes
2024-05-10,07:00,1777.0,1279.0,53,12.5,4.10,12.14,,,Yes
2024-05-13,09:00,1783.0,1328.0,53,24.0,11.35,19.41,,,Yes
2024-05-14,09:00,1789.0,1334.0,51,21.9,13.32,23.63,,,Yes
2024-05-15,07:00,1792.0,1349.0,3,18.0,9.99,18.42,,,Yes
2024-05-16,07:00,1796.0,1355.0,3,18.0,9.98,20.27,,,Yes
2024-05-17,10:00,1802.0,1374.0,61,24.2,5.09,14.93,,,Yes
2024-05-18,08:00,1806.0,1384.0,61,20.5,11.61,20.83,,,Yes
2024-05-19,08:00,1810.0,1399.0,3,20.0,11.45,21.89,,,Yes
2024-05-20,09:00,1814.0,1420.0,3,22.7,13.67,24.40,,,Yes
2024-05-21,08:00,1820.0,1440.0,51,28.1,11.31,21.69,,,Yes
2024-05-22,08:00,1824.0,1457.0,53,31.0,12.75,24.35,,,Yes
2024-05-23,08:00,1828.0,1474.0,3,23.9,13.20,28.71,,,Yes
2024-05-24,08:00,1833.0,1500.0,3,22.6,13.85,28.80,,,Yes
2024-05-25,09:00,1835.0,1528.0,63,22.4,8.76,17.43,,,Yes
2024-05-26,09:00,1843.0,1532.0,51,21.0,8.49,23.06,,,Yes
2024-05-27,08:00,1857.0,1557.0,61,25.2,9.65,14.63,,,Yes
2024-05-28,09:00,1857.0,1561.0,51,20.4,12.00,20.79,,,Yes
2024-05-29,09:00,1863.0,1570.0,3,17.5,13.89,26.88,,,Yes
2024-05-30,09:00,1867.0,1574.0,2,17.4,13.94,30.13,,,Yes
2024-06-04,10:00,1896.0,1701.0,3,27.2,12.21,23.98,,,Yes
2024-06-05,09:00,1905.0,1719.0,63,30.2,9.00,20.58,,,Yes
2024-06-06,08:00,1911.0,1728.0,63,25.0,10.40,20.12,,,Yes
2024-06-07,08:00,1917.0,1742.0,63,18.8,9.66,14.69,,,Yes
2024-06-08,08:00,1923.0,1748.0,55,21.6,9.23,19.25,,,Yes
2024-06-09,08:00,1929.0,1763.0,63,20.2,9.15,20.94,,,Yes
2024-06-10,09:00,1936.0,1777.0,51,15.9,4.94,12.89,,,Yes
2024-06-11,09:00,1941.0,1779.0,51,15.1,2.17,10.77,,,Yes
2024-06-12,08:00,1947.0,1785.0,3,20.9,13.43,26.36,,,Yes
2024-06-13,08:00,1954.0,1801.0,3,30.1,14.10,25.41,,,Yes
2024-06-14,08:00,1963.0,1822.0,63,23.8,13.96,28.62,,,Yes
2024-06-15,08:00,1968.0,1846.0,3,20.0,14.16,29.81,,,Yes
2024-06-16,08:00,1973.0,1870.0,3,24.8,13.43,27.88,,,Yes
2024-06-17,07:00,1977.0,1893.0,51,32.8,13.22,24.06,,,Yes
2024-06-18,08:00,1983.0,1912.0,63,32.9,10.40,20.80,,,Yes
2024-06-19,08:05,1995.0,1923.0,51,32.4,10.03,19.49,,,Yes
2024-06-20,08:00,2004.0,1929.0,3,29.2,11.79,22.82,,,Yes
2024-06-21,08:00,2011.0,1945.0,63,25.7,10.05,21.02,,,Yes
2024-06-22,09:00,2018.0,1963.0,53,27.4,9.20,20.42,,,Yes
2024-06-23,08:00,2025.0,1979.0,53,29.1,6.49,15.76,,,Yes
2024-06-24,09:00,2031.0,1986.0,51,26.5,13.20,27.41,,,Yes
2024-06-25,09:00,2035.0,2008.0,53,31.0,10.71,20.99,,,Yes
2024-06-26,08:00,2043.0,2018.0,61,29.4,6.98,17.82,,,Yes
2024-06-27,09:00,2052.0,2025.0,51,21.3,13.99,24.38,,,Yes
2024-06-28,10:00,2056.0,2045.0,3,26.1,11.91,27.41,,,Yes
2024-06-29,09:00,2063.0,2060.0,63,25.0,0.19,5.56,,,Yes
2024-06-30,09:00,2069.0,2062.0,63,23.1,13.00,22.68,,,Yes
2024-07-01,09:00,2075.0,2079.0,3,22.4,14.12,29.88,,,Yes
2024-07-02,09:00,2080.0,2105.0,3,26.2,12.90,27.36,,,Yes
2024-07-03,08:00,2085.0,2125.0,51,33.5,11.84,24.35,,,Yes
2024-07-04,08:00,2095.0,2142.0,51,29.7,8.63,18.84,,,Yes
2024-07-05,09:00,2100.0,2154.0,53,28.4,11.85,24.48,,,Yes
2024-07-06,08:00,2107.0,2169.0,51,29.1,14.00,25.74,,,Yes
2024-07-07,08:00,2114.0,2187.0,51,25.5,13.96,25.77,,,Yes
2024-07-08,08:00,2120.0,2205.0,3,29.0,13.92,26.70,,,Yes
2024-07-09,08:00,2126.0,2226.0,51,30.7,7.33,16.15,,,Yes
2024-07-10,09:00,2135.0,2235.0,63,25.8,6.10,13.69,,,Yes
2024-07-11,08:00,2146.0,2240.0,63,23.8,4.93,13.75,,,Yes
2024-07-12,09:00,2151.0,2246.0,51,26.5,13.80,24.14,,,Yes
2024-07-13,08:00,2160.0,2258.0,1,26.9,13.89,27.11,,,Yes
2024-07-14,08:00,2169.0,2272.0,51,32.4,11.22,24.17,,,Yes
2024-07-15,08:00,2176.0,2292.0,63,31.4,11.66,19.99,,,Yes
2024-07-16,08:00,2185.0,2300.0,63,27.9,11.22,18.64,,,Yes
2024-07-17,10:00,2192.0,2312.0,51,27.0,7.80,16.50,,,Yes
2024-07-18,07:00,2196.0,2318.0,51,22.5,13.74,25.67,,,Yes
2024-07-19,07:00,2202.0,2337.0,51,24.0,13.73,23.87,,,Yes
2024-07-20,08:00,2206.0,2356.0,3,27.0,13.69,27.93,,,Yes
2024-07-21,07:00,2214.0,2380.0,53,26.0,13.51,24.62,,,Yes
2024-07-22,09:00,2223.0,2396.0,53,27.6,9.59,21.98,,,Yes
2024-07-23,08:00,2230.0,2415.0,63,27.4,12.51,20.18,,,Yes
2024-07-24,07:00,2239.0,2423.0,65,28.7,13.22,24.71,,,Yes
2024-08-05,12:00,2272.0,2647.0,65,28.7,8.00,17.55,,,Yes
2024-08-06,06:00,2278.0,2654.0,61,20.8,0.00,7.39,,,Yes
2024-08-07,09:00,2286.0,2657.0,3,23.0,13.13,26.36,,,Yes
2024-08-08,07:00,2292.0,2681.0,65,27.8,9.06,14.99,,,Yes
2024-08-09,10:00,2301.0,2690.0,65,25.6,4.87,9.06,,,Yes
2024-08-10,09:00,2307.0,2693.0,3,24.5,12.97,23.32,,,Yes
2024-08-11,09:00,2313.0,2710.0,63,23.5,12.69,19.29,,,Yes
2024-08-12,09:00,2320.0,2729.0,51,22.0,12.82,21.59,,,Yes
2024-08-13,08:00,2328.0,2743.0,51,24.5,12.82,24.04,,,Yes
2024-08-17,15:00,2351.0,2833.0,65,29.8,8.42,16.03,,,Yes
2024-08-18,08:00,2357.0,2834.0,65,27.5,11.16,17.28,,,Yes
2024-08-19,09:07,2365.0,2841.0,53,19.6,0.00,4.62,,,Yes
2024-08-20,08:00,2373.0,2844.0,53,18.0,11.74,19.34,,,Yes
2024-08-21,09:00,2380.0,2850.0,63,18.4,6.31,10.68,,,Yes
2024-08-22,08:00,2385.0,2865.0,1,22.2,12.55,23.19,,,Yes
2024-08-23,08:00,2389.0,2887.0,3,25.0,12.48,20.92,,,Yes
2024-08-24,09:00,2393.0,2906.0,3,26.2,12.50,23.66,,,Yes
2024-08-25,08:00,2397.0,2927.0,51,26.1,12.40,22.92,,,Yes
2024-08-26,09:00,2402.0,2946.0,3,26.8,12.26,22.71,,,Yes
2024-08-27,08:00,2406.0,2965.0,51,32.2,12.10,21.41,,,Yes
2024-08-28,09:00,2411.0,2985.0,53,23.9,9.27,15.57,,,Yes
2024-08-29,09:00,2416.0,2993.0,51,20.4,12.18,19.96,,,Yes
2024-08-30,08:00,2419.0,3002.0,51,29.9,11.13,19.00,,,Yes
2024-08-31,09:00,2424.0,3015.0,61,27.6,6.59,11.90,,,Yes
2024-09-01,09:00,2429.0,3023.0,63,26.2,11.06,16.68,,,Yes
2024-09-02,09:00,2434.0,3036.0,51,18.5,11.93,21.45,,,Yes
2024-09-03,07:00,2438.0,3057.0,0,21.8,11.98,22.15,,,Yes
2024-09-04,08:00,2442.0,3076.0,0,25.4,11.94,22.15,,,Yes
2024-09-06,09:00,2447.0,3122.0,63,28.7,10.36,16.81,,,Yes
2024-09-07,09:00,2456.0,3133.0,63,18.0,10.54,17.13,,,Yes
2024-09-08,08:00,2461.0,3144.0,51,17.7,11.82,18.21,,,Yes
2024-09-09,09:00,2465.0,3161.0,61,21.5,8.48,13.97,,,Yes
2024-09-10,08:00,2471.0,3169.0,51,21.2,11.79,20.22,,,Yes
2024-09-11,08:00,2477.0,3191.0,3,23.7,11.76,20.91,,,Yes
2024-09-12,08:00,2480.0,3211.0,3,25.1,11.71,19.86,,,Yes
2024-09-13,09:00,2484.0,3228.0,0,24.1,11.66,20.16,,,Yes
2024-09-14,08:00,2488.0,3244.0,1,24.6,11.61,19.71,,,Yes
2024-09-15,08:00,2491.0,3262.0,51,25.9,11.57,18.31,,,Yes
2024-09-16,08:00,2496.0,3275.0,3,25.5,11.52,19.40,,,Yes
2024-09-17,08:00,2501.0,3295.0,3,24.2,10.71,16.84,,,Yes
2024-09-18,07:00,2509.0,3305.0,3,23.6,10.74,17.31,,,Yes
2024-09-19,08:00,2511.0,3317.0,3,23.5,11.37,18.17,,,Yes
2024-09-20,09:00,2514.0,3332.0,3,24.5,11.32,19.21,,,Yes
2024-09-21,09:00,2519.0,3349.0,63,28.1,11.24,15.28,,,Yes
2024-09-22,09:00,2525.0,3356.0,51,26.2,11.22,17.60,,,Yes
2024-09-23,08:00,2529.0,3371.0,63,20.2,1.00,5.03,,,Yes
2024-09-24,08:00,2534.0,3372.0,63,21.8,3.80,7.43,,,Yes
2024-09-25,08:00,2538.0,3376.0,53,23.5,5.72,10.15,,,Yes
2024-09-26,08:00,2541.0,3381.0,61,22.4,6.94,12.19,,,Yes
2024-09-27,08:00,2546.0,3391.0,3,22.0,9.00,16.46,,,Yes
2024-09-28,09:00,2549.0,3403.0,51,21.8,6.69,8.92,,,Yes
2024-09-29,10:00,2555.0,3407.0,55,23.5,10.27,14.28,,,Yes
2024-09-30,09:00,2561.0,3414.0,51,20.9,8.82,12.20,,,Yes
2024-10-01,07:00,2567.0,3422.0,3,24.4,6.84,12.50,,,Yes
2024-10-02,09:00,2571.0,3431.0,53,18.2,8.27,13.70,,,Yes
2024-10-03,07:00,2575.0,3442.0,3,22.4,10.40,16.54,,,Yes
2024-10-04,08:00,2580.0,3452.0,61,21.4,9.26,15.77,,,Yes
2024-10-05,08:00,2587.0,3461.0,3,17.2,10.37,15.37,,,Yes
2024-10-06,09:00,2591.0,3476.0,61,25.9,9.15,14.35,,,Yes
2024-10-07,08:00,2597.0,3484.0,51,15.6,9.53,10.29,,,Yes
2024-10-08,08:00,2603.0,3491.0,51,15.4,10.12,13.63,,,Yes
2024-10-09,10:00,2608.0,3496.0,53,14.0,10.09,12.13,,,Yes
2024-10-10,08:00,2614.0,3500.0,3,11.4,3.65,7.65,,,Yes
2024-10-11,08:00,2618.0,3507.0,3,19.5,10.07,14.80,,,Yes
2024-10-12,08:00,2625.0,3515.0,3,18.6,10.01,15.78,,,Yes
2024-10-14,08:00,2635.0,3528.0,63,9.6,0.35,3.94,,,Yes
2024-10-15,08:00,2641.0,3531.0,71,9.2,8.87,11.61,0.07,,Yes
2024-10-16,08:00,2653.0,3535.0,53,9.4,1.91,5.95,,,Yes
2024-10-20,11:00,2668.0,3576.0,3,21.2,9.84,13.83,,,Yes
2024-10-21,09:00,2673.0,3579.0,3,23.1,9.79,12.98,,,Yes
2024-10-22,08:00,2680.0,3585.0,3,24.8,9.74,13.09,,,Yes
2024-10-23,08:00,2687.0,3593.0,51,22.8,7.14,9.43,,,Yes
2024-10-24,08:00,2695.0,3596.0,3,10.9,8.25,8.49,,,Yes
2024-10-25,07:00,2701.0,3604.0,3,13.9,6.91,9.17,,,Yes
2024-10-26,09:00,2707.0,3609.0,51,11.4,9.55,11.05,,,Yes
2024-10-27,09:00,2712.0,3613.0,3,11.9,7.50,9.27,,,Yes
2024-10-28,08:00,2720.0,3617.0,3,12.5,9.26,11.22,,,Yes
2024-10-29,08:00,2726.0,3626.0,63,15.9,0.83,3.94,,,Yes
2024-10-30,08:00,2732.0,3627.0,3,23.9,8.73,10.26,,,Yes
2024-10-31,08:00,2737.0,3632.0,51,25.2,9.09,10.74,,,Yes
2024-11-01,10:00,2745.0,3637.0,51,18.2,0.12,4.11,,,Yes
2024-11-02,08:00,2751.0,3638.0,3,7.6,1.03,4.90,,,Yes
2024-11-03,09:00,2784.0,3643.0,3,10.1,9.17,10.99,,,Yes
2024-11-04,09:00,2774.0,3649.0,61,15.4,2.67,4.86,,,Yes
2024-11-05,08:00,2786.0,3650.0,3,25.0,9.08,9.63,,,Yes
2024-11-06,09:00,2794.0,3657.0,61,20.5,3.81,5.18,,,Yes
2024-11-07,08:00,2800.0,3658.0,51,14.2,5.40,7.70,,,Yes
2024-11-08,08:00,2807.0,3665.0,3,13.1,4.57,5.73,,,Yes
2024-11-09,08:00,2815.0,3668.0,3,7.1,8.91,10.56,,,Yes
2024-11-10,09:00,2823.0,3675.0,61,13.9,2.65,4.29,,,Yes
2024-11-11,09:00,2834.0,3677.0,55,14.9,6.40,6.91,,,Yes
2024-11-12,08:00,2840.0,3678.0,51,7.9,7.53,7.23,,,Yes
2024-11-13,09:00,2845.0,3692.0,3,5.8,8.42,9.24,,,Yes
2024-11-14,09:00,2854.0,3691.0,3,9.4,4.17,6.49,,,Yes
2024-11-15,09:00,2861.0,3693.0,3,9.1,8.25,8.19,,,Yes
2024-11-16,08:00,2866.0,3695.0,3,9.8,8.51,9.61,,,Yes
2024-11-17,08:00,2874.0,3700.0,51,11.2,6.69,6.98,,,Yes
2024-11-18,08:00,2887.0,3702.0,51,13.4,8.35,9.32,,,Yes
2024-11-19,08:00,2892.0,3707.0,61,10.2,7.08,6.88,,,Yes
2024-11-20,08:00,2898.0,3710.0,63,15.2,5.09,4.02,,,Yes
2024-11-21,08:00,2911.0,3713.0,61,7.9,6.95,6.87,,,Yes
2024-11-22,08:00,2917.0,3715.0,61,6.8,0.00,0.91,,,Yes
2024-11-23,09:00,2925.0,3717.0,53,7.8,4.25,4.27,,,Yes
2024-11-24,09:00,2930.0,3717.0,51,6.7,5.21,4.46,,,Yes
2024-11-25,09:00,2940.0,3718.0,55,7.8,6.67,6.94,,,Yes
2024-11-26,08:00,2950.0,3720.0,61,9.5,6.77,5.57,,,Yes
2024-11-27,08:00,2954.0,3721.0,3,6.3,8.03,8.40,,,Yes
2024-11-28,09:00,2973.0,3724.0,73,3.5,0.00,1.57,0.49,,Yes
2024-11-29,09:00,2984.0,3724.0,3,2.8,8.00,8.26,,,Yes
2024-11-30,09:00,3006.0,3727.0,3,0.8,6.68,5.90,,,Yes
2024-12-01,09:00,3016.0,3732.0,71,-0.1,8.00,7.69,0.42,,Yes
2024-12-02,07:00,3028.0,3733.0,73,0.9,7.91,6.19,2.73,,Yes
2024-12-03,09:00,3041.0,3734.0,71,-0.6,7.00,7.74,0.42,,Yes
2024-12-04,08:00,3048.0,3738.0,73,1.6,0.00,2.01,0.98,,Yes
2024-12-05,09:00,3059.0,3738.0,73,2.0,5.30,7.13,2.45,,Yes
2024-12-06,08:00,3070.0,3738.0,71,-2.8,7.05,6.99,0.07,,Yes
2024-12-07,08:00,3079.0,3738.0,73,2.4,1.90,5.37,1.75,,Yes
2024-12-08,08:00,3090.0,3738.0,51,5.9,5.22,5.13,,,Yes
2024-12-09,09:00,3098.0,3738.0,63,7.2,0.00,0.93,,,Yes
2024-12-10,09:00,3108.0,3738.0,61,10.6,1.77,3.92,,,Yes
2024-12-11,09:00,3116.0,3740.0,61,7.8,0.00,0.92,,,Yes
2024-12-12,08:00,3125.0,3740.0,73,-0.6,7.88,7.48,0.84,,Yes
2024-12-13,08:00,3133.0,3740.0,3,-5.1,7.87,7.73,,,Yes
2024-12-14,08:00,3144.0,3740.0,3,-1.9,7.86,7.75,,,Yes
2024-12-15,08:00,3154.0,3740.0,73,2.7,1.15,3.54,0.63,,Yes
2024-12-16,08:00,3170.0,3740.0,61,7.7,4.88,5.26,,,Yes
2024-12-17,07:00,3187.0,3742.0,51,10.1,3.04,3.74,,,Yes
2024-12-18,07:00,3200.0,3742.0,73,3.8,0.00,1.12,0.91,,Yes
2024-12-19,07:00,3225.0,3742.0,71,1.7,0.08,2.48,0.07,,Yes
2024-12-20,08:00,3248.0,3742.0,73,-0.2,0.00,2.35,4.76,,Yes
2024-12-21,08:00,3266.0,3742.0,73,-4.1,0.00,3.79,1.82,,Yes
2024-12-22,09:00,3281.0,3742.0,71,-10.2,0.00,3.54,1.19,,Yes
2024-12-23,09:00,3306.0,3742.0,73,-0.3,1.11,4.36,1.75,,Yes
2024-12-24,08:00,3325.0,3742.0,73,1.8,0.00,3.42,1.68,,Yes
2024-12-25,09:00,3345.0,3742.0,71,-1.2,0.00,3.49,0.14,,Yes
2024-12-26,08:00,3370.0,3742.0,3,-2.3,0.40,4.81,,,Yes
2024-12-27,09:00,3395.0,3742.0,3,2.3,7.00,7.07,,,Yes
2024-12-28,07:00,3411.0,3742.0,51,10.6,7.74,6.23,,,Yes
2024-12-29,08:00,3422.0,3743.0,61,14.4,0.00,1.79,,,Yes
2024-12-30,09:00,3443.0,3743.0,53,13.4,0.12,1.44,,,Yes
2024-12-31,09:00,3455.0,3743.0,63,7.2,3.18,4.65,,,Yes
2025-01-01,08:00,3468.0,3744.0,73,4.5,0.00,1.47,1.61,,Yes
2025-01-02,11:00,3483.0,3744.0,71,1.3,7.18,6.62,0.21,,Yes
2025-01-03,09:00,3494.0,3744.0,73,-1.5,7.75,6.89,0.91,,Yes
2025-01-04,08:00,3510.0,3745.0,73,-3.8,5.74,5.56,2.59,,Yes
2025-01-05,09:00,3524.0,3745.0,71,-3.7,0.00,3.56,1.05,,Yes
2025-01-06,10:00,3543.0,3745.0,73,-3.5,0.00,3.36,1.82,,Yes
2025-01-07,09:00,3561.0,3745.0,73,-4.7,3.84,6.06,0.35,,Yes
2025-01-08,08:00,3574.0,3745.0,73,-5.7,0.18,4.33,1.40,,Yes
2025-01-09,09:00,3587.0,3745.0,71,-6.2,0.00,4.33,0.14,,Yes
2025-01-10,09:00,3601.0,3745.0,71,-5.0,6.45,6.72,0.28,,Yes
2025-01-11,08:00,3613.0,3746.0,73,-1.9,3.18,5.88,1.75,,Yes
2025-01-12,04:00,3626.0,3726.0,71,1.1,5.38,6.78,0.21,,Yes
2025-01-13,08:00,3636.0,3748.0,71,1.2,4.57,6.85,0.42,,Yes
2025-01-14,08:00,3646.0,3749.0,73,-5.3,7.27,6.66,0.42,,Yes
2025-01-15,08:00,3658.0,3752.0,73,-4.2,3.54,6.06,0.77,,Yes
2025-01-16,08:00,3671.0,3754.0,73,-4.1,0.00,4.14,1.82,,Yes
2025-01-17,09:00,3672.0,3754.0,3,1.9,6.64,8.67,,,Yes
2025-01-18,08:00,3682.0,3754.0,71,2.5,0.00,1.77,0.35,,Yes
2025-01-19,09:00,3700.0,3754.0,71,-3.2,0.36,4.68,0.63,,Yes
2025-01-20,08:00,3707.0,3755.0,75,-7.2,4.60,7.87,6.51,,Yes
2025-01-21,08:00,3718.0,3755.0,51,-11.4,8.13,10.62,,,Yes
2025-01-22,09:00,3739.0,3755.0,71,-9.9,7.23,10.11,0.21,,Yes
2025-01-23,09:00,3747.0,3755.0,71,-4.8,5.68,8.32,0.28,,Yes
2025-01-24,08:00,3760.0,3755.0,73,-5.9,6.35,6.63,0.56,,Yes
2025-01-25,09:00,3769.0,3755.0,3,-2.8,2.91,6.42,,,Yes
2025-01-26,09:00,3785.0,3755.0,73,-0.6,7.70,9.65,0.21,,Yes
2025-01-27,08:00,3803.0,3747.0,71,-0.6,8.73,10.89,0.21,,Yes
2025-01-28,08:00,3811.0,3761.0,73,1.5,4.35,7.89,3.78,,Yes
2025-01-29,08:00,3822.0,3761.0,73,2.4,5.92,8.92,0.70,,Yes
2025-01-30,09:00,3833.0,3761.0,71,2.2,6.19,9.77,0.21,,Yes
2025-01-31,07:00,3844.0,3763.0,75,2.6,0.00,2.40,4.90,,Yes
2025-02-01,08:00,3852.0,3764.0,3,-2.2,1.77,7.25,,,Yes
2025-02-02,08:00,3863.0,3764.0,73,-0.5,2.11,7.65,1.47,,Yes
2025-02-03,09:00,3877.0,3764.0,75,3.8,0.00,4.70,2.66,,Yes
2025-02-04,07:00,3887.0,3764.0,73,0.2,4.24,8.04,1.19,,Yes
2025-02-05,08:00,3899.0,3765.0,71,-5.4,0.00,5.59,0.14,,Yes
2025-02-06,08:00,3906.0,3765.0,75,3.2,0.30,4.36,2.94,,Yes
2025-02-07,08:00,3915.0,3765.0,73,0.4,8.74,9.36,0.49,,Yes
2025-02-08,09:00,3922.0,3774.0,75,-2.4,3.32,8.13,3.22,,Yes
2025-02-09,10:00,3934.0,3778.0,73,-0.8,2.73,7.41,1.68,,Yes
2025-02-10,08:30,3941.0,3778.0,71,-4.0,9.02,10.89,0.14,,Yes
2025-02-11,07:00,3954.0,3779.0,3,-2.0,7.82,10.90,,,Yes
2025-02-12,09:00,3965.0,3780.0,73,1.2,3.36,8.09,2.03,,Yes
2025-02-13,09:00,3980.0,3782.0,71,4.0,0.76,5.48,0.07,,Yes
2025-02-14,08:00,3996.0,3782.0,71,-5.7,7.70,10.44,0.07,,Yes
2025-02-15,07:00,4002.0,3790.0,73,-0.3,0.00,3.58,3.57,,Yes
2025-02-16,09:00,4015.0,3790.0,75,0.6,0.58,4.26,13.65,,Yes
2025-02-17,08:00,4026.0,3790.0,73,-6.4,6.21,11.21,1.40,,Yes
2025-02-18,08:00,4038.0,3790.0,71,-9.1,9.31,12.76,0.14,,Yes
2025-02-19,08:00,4054.0,3790.0,73,-7.2,0.00,6.36,1.89,,Yes
2025-02-20,07:00,4070.0,3790.0,71,-7.4,0.00,6.24,1.89,,Yes
2025-02-21,08:00,4082.0,3790.0,71,-6.4,0.47,9.12,0.49,,Yes
2025-02-22,08:00,4095.0,3790.0,3,-0.8,9.57,15.90,,,Yes
2025-02-23,08:00,4104.0,3798.0,71,0.3,3.08,10.74,0.21,,Yes
2025-02-24,08:00,4113.0,3802.0,3,5.9,5.19,10.39,,,Yes
2025-02-25,08:00,4120.0,3809.0,53,6.6,3.90,7.52,,,Yes
2025-02-26,09:00,4131.0,3812.0,3,4.8,7.00,12.02,,,Yes
2025-02-27,07:00,4140.0,3820.0,51,6.7,1.11,5.37,,,Yes
2025-02-28,07:00,4147.0,3821.0,71,6.1,3.97,8.67,0.14,,Yes
2025-03-01,09:00,4159.0,3826.0,71,5.3,2.35,6.94,0.21,,Yes
2025-03-02,08:00,4165.0,3830.0,71,-5.4,2.41,9.14,0.70,,Yes
2025-03-03,08:00,4171.0,3834.0,71,1.0,8.47,15.25,0.21,,Yes
2025-03-04,09:00,4178.0,3846.0,3,9.4,0.03,5.59,,,Yes
2025-03-05,08:00,4183.0,3850.0,61,14.1,0.00,2.85,,,Yes
2025-03-06,07:00,4191.0,3850.0,71,5.1,0.15,5.69,0.42,,Yes
2025-03-07,08:00,4197.0,3853.0,73,0.2,8.36,13.19,0.21,,Yes
2025-03-08,08:00,4207.0,3866.0,73,-0.3,10.65,17.28,1.61,,Yes
2025-03-09,09:00,4216.0,3880.0,3,7.6,10.70,17.17,,,Yes
2025-03-10,09:20,4227.0,3893.0,2,11.5,10.73,17.81,,,Yes
2025-03-11,08:00,4234.0,3910.0,3,15.5,10.75,17.77,,,Yes
2025-03-12,08:00,4238.0,3927.0,3,0.6,5.78,10.13,,,Yes
2025-03-13,08:00,4240.0,3935.0,3,10.1,10.28,17.79,,,Yes
2025-03-14,09:00,4252.0,3954.0,3,17.7,10.82,18.24,,,Yes
2025-03-15,08:00,4256.0,3973.0,51,17.2,5.20,11.01,,,Yes
2025-03-16,08:00,4263.0,3980.0,61,18.4,0.76,3.68,,,Yes
2025-03-17,07:00,4270.0,3982.0,3,6.6,7.87,15.34,,,Yes
2025-03-18,08:00,4279.0,3986.0,3,16.6,11.03,19.41,,,Yes
2025-03-19,08:00,4285.0,4004.0,3,22.1,11.08,17.70,,,Yes
2025-03-20,08:00,4291.0,4018.0,61,15.2,2.74,5.89,,,Yes
2025-03-21,09:00,4300.0,4019.0,3,6.8,11.27,20.38,,,Yes
2025-03-22,08:00,4306.0,4043.0,71,10.9,7.69,11.69,0.07,,Yes
2025-03-23,10:00,4313.0,4053.0,3,1.2,10.22,19.98,,,Yes
2025-03-24,08:00,4319.0,4069.0,73,10.5,9.97,17.00,1.19,,Yes
2025-03-25,09:00,4327.0,4089.0,3,3.8,4.62,8.53,,,Yes
2025-03-26,08:00,4336.0,4091.0,73,2.3,9.03,14.77,0.63,,Yes
2025-03-27,08:00,4340.0,4099.0,51,8.1,11.53,21.20,,,Yes
2025-03-28,08:00,4347.0,4120.0,53,8.6,2.92,8.11,,,Yes
2025-03-29,08:00,4358.0,4124.0,63,4.2,0.00,4.79,,,Yes
2025-03-30,08:00,4366.0,4124.0,61,17.3,1.00,6.39,,,Yes
2025-03-31,09:00,4373.0,4131.0,51,16.3,2.82,8.49,,,Yes
2025-04-01,08:00,4380.0,4134.0,71,2.4,9.04,20.06,0.07,,Yes
2025-04-02,07:00,4386.0,4156.0,73,9.8,1.34,6.26,0.77,,Yes
2025-04-03,08:00,4395.0,4158.0,63,21.1,10.29,15.49,,,Yes
2025-04-04,07:00,4399.0,4166.0,3,7.8,11.76,22.46,,,Yes
2025-04-05,09:00,4403.0,4191.0,61,18.7,1.67,7.25,,,Yes
2025-04-06,09:00,4408.0,4197.0,51,6.1,2.19,8.76,,,Yes
2025-04-07,08:00,4415.0,4209.0,51,8.4,9.85,18.17,,,Yes
2025-04-08,08:00,4422.0,4232.0,73,-2.0,2.54,8.65,0.91,,Yes
2025-04-09,08:00,4428.0,4240.0,3,3.4,10.95,17.34,,,Yes
2025-04-10,07:00,4434.0,4258.0,73,3.2,0.00,5.06,0.63,,Yes
2025-04-11,09:00,4443.0,4260.0,53,7.2,0.07,6.56,,,Yes
2025-04-12,08:00,4450.0,4261.0,51,7.5,5.00,10.86,,,Yes
2025-04-13,07:00,4453.0,4262.0,3,11.9,12.31,24.38,,,Yes
2025-04-14,09:00,4465.0,4288.0,53,20.3,6.98,14.72,,,Yes
2025-04-15,09:00,4473.0,4303.0,73,11.9,10.28,19.15,0.70,,Yes
2025-04-16,07:00,4481.0,4317.0,71,4.7,0.50,8.46,0.56,,Yes
2025-04-17,08:00,4489.0,4319.0,3,9.6,12.46,25.67,,,Yes
2025-04-18,09:00,4493.0,4349.0,61,21.2,5.94,12.64,,,Yes
2025-04-19,08:00,4502.0,4354.0,63,22.3,7.72,14.14,,,Yes
2025-04-20,08:00,4512.0,4361.0,3,7.8,12.43,25.37,,,Yes
2025-04-21,09:00,4517.0,4383.0,65,19.5,4.42,10.78,,,Yes
2025-04-22,08:00,4523.0,4385.0,3,13.0,12.39,17.96,,,Yes
2025-04-23,07:00,4529.0,4406.0,3,13.5,12.67,25.02,,,Yes
2025-04-24,09:00,4533.0,4431.0,51,20.2,12.69,22.90,,,Yes
2025-04-25,08:00,4538.0,4452.0,63,16.5,0.52,8.79,,,Yes
2025-04-26,08:00,4545.0,4456.0,63,15.6,5.00,13.81,,,Yes
2025-04-27,09:00,4550.0,4459.0,51,14.4,12.70,26.93,,,Yes
2025-04-28,09:00,4556.0,4487.0,3,17.0,12.20,26.20,,,Yes
2025-04-29,08:00,4554.0,4512.0,61,26.7,11.17,21.66,,,Yes
2025-04-30,08:00,4564.0,4526.0,3,7.6,12.74,26.07,,,Yes
2025-05-01,08:00,4571.0,4530.0,63,19.3,4.13,14.12,,,Yes
2025-05-02,08:00,4576.0,4564.0,53,21.3,12.74,23.34,,,Yes
2025-05-03,08:00,4580.0,4586.0,63,8.9,0.00,5.08,,,Yes
2025-05-04,11:00,4585.0,4589.0,53,11.3,0.00,6.49,,,Yes
2025-05-05,09:00,4596.0,4595.0,61,19.1,6.40,15.97,,,Yes
2025-05-06,08:00,4602.0,4600.0,61,19.3,9.46,18.37,,,Yes
2025-05-07,09:00,4609.0,4615.0,63,19.4,10.83,20.13,,,Yes
2025-05-08,07:00,4612.0,4630.0,53,10.4,1.61,10.41,,,Yes
2025-05-09,08:00,4617.0,4639.0,3,10.5,11.53,19.13,,,Yes
2025-05-10,08:00,4622.0,4648.0,2,19.0,13.51,28.26,,,Yes
2025-05-11,07:00,4627.0,4675.0,2,11.0,13.55,29.22,,,Yes
2025-05-12,09:00,4631.0,4705.0,3,21.8,13.58,27.49,,,Yes
2025-05-13,07:00,4636.0,4730.0,61,23.3,3.83,12.88,,,Yes
2025-05-14,07:00,4640.0,4738.0,53,21.0,4.09,12.47,,,Yes
2025-05-15,07:00,4645.0,4747.0,53,20.2,12.42,19.34,,,Yes
2025-05-16,06:00,4649.0,4762.0,51,24.0,10.68,21.99,,,Yes
2025-05-17,08:00,4660.0,4786.0,63,23.2,9.28,15.98,,,Yes
2025-05-29,10:00,4722.0,4937.0,61,20.0,10.09,20.17,,,Yes
2025-05-30,08:00,4726.0,4947.0,51,20.8,9.34,23.07,,,Yes
2025-05-31,09:00,4730.0,4967.0,61,13.2,1.33,9.93,,,Yes
2025-06-01,09:00,4736.0,4970.0,63,14.1,10.50,19.50,,,Yes
2025-06-02,08:00,4741.0,4976.0,2,20.1,13.98,30.13,,,Yes
2025-06-03,09:00,4748.0,5000.0,3,27.2,13.98,29.31,,,Yes
2025-06-04,07:00,4752.0,5019.0,3,29.8,13.99,27.41,,,Yes
2025-06-05,07:00,4755.0,5042.0,51,20.8,11.10,21.65,,,Yes
2025-06-06,07:00,4760.0,5058.0,61,19.5,7.66,15.05,,,Yes
2025-06-07,07:00,4765.0,5066.0,53,22.5,12.22,27.19,,,Yes
2025-06-08,07:00,4769.0,5089.0,51,19.9,6.95,16.79,,,Yes
2025-06-09,07:00,4778.0,5099.0,63,25.0,7.00,16.97,,,Yes
2025-06-10,07:00,4785.0,5110.0,53,21.5,14.04,28.87,,,Yes
2025-06-11,08:00,4793.0,5137.0,3,24.8,13.76,27.55,,,Yes
2025-06-12,08:00,4793.0,5159.0,3,22.4,12.91,26.39,,,Yes
2025-06-13,07:00,4796.0,5181.0,3,15.9,13.71,28.13,,,Yes
2025-06-14,08:00,4802.0,5204.0,3,18.7,11.52,25.55,,,Yes
2025-06-15,08:00,4803.0,5225.0,3,20.2,12.33,21.79,,,Yes
2025-06-16,08:00,4815.0,5245.0,51,24.3,8.87,17.28,,,Yes
2025-06-17,07:00,4822.0,5250.0,63,27.4,12.13,20.26,,,Yes
2025-06-18,08:00,4827.0,5264.0,53,27.8,13.17,21.43,,,Yes
2025-06-19,07:00,4834.0,5272.0,53,27.2,13.10,23.59,,,Yes
2025-06-20,08:00,4841.0,5284.0,51,24.4,13.69,25.17,,,Yes
2025-06-21,08:00,4845.0,5304.0,3,30.5,14.03,25.30,,,Yes
2025-06-23,09:00,4861.0,5327.0,3,35.0,14.14,28.34,,,Yes
2025-06-24,07:00,4869.0,5344.0,61,35.3,14.05,25.43,,,Yes
2025-06-25,08:00,4880.0,5360.0,3,29.0,12.47,25.63,,,Yes
2025-06-26,06:00,4885.0,5373.0,63,21.4,3.00,12.44,,,Yes
2025-06-27,09:00,4892.0,5377.0,53,27.5,9.94,15.56,,,Yes
2025-06-28,09:00,4897.0,5392.0,51,28.6,13.80,24.71,,,Yes
2025-06-29,08:00,4902.0,5410.0,2,23.2,14.10,28.71,,,Yes
2025-06-30,08:00,4911.0,5435.0,55,31.4,11.88,24.06,,,Yes
2025-07-01,06:00,4918.0,5450.0,61,27.3,8.72,17.24,,,Yes
2025-07-07,09:00,4953.0,5472.0,61,31.5,13.74,22.36,,,Yes
2025-07-08,07:00,4960.0,5579.0,3,23.9,10.38,20.61,,,Yes
2025-07-09,06:00,4965.0,5587.0,53,26.5,8.87,19.70,,,Yes
2025-07-10,08:00,4971.0,5600.0,51,28.3,13.88,23.64,,,Yes
2025-07-11,07:00,4976.0,5617.0,51,29.6,13.27,21.99,,,Yes
2025-07-12,08:00,4984.0,5632.0,61,33.0,10.08,21.00,,,Yes
2025-07-13,07:00,4991.0,5645.0,61,31.0,13.63,21.62,,,Yes
2025-07-14,07:00,4999.0,5655.0,51,27.4,9.98,16.81,,,Yes
2025-07-15,06:00,5007.0,5664.0,51,29.6,13.81,26.50,,,Yes
2025-07-16,07:00,5014.0,5679.0,63,31.2,13.58,24.31,,,Yes
2025-07-17,06:00,5023.0,5687.0,61,28.7,12.87,22.42,,,Yes
2025-07-18,08:00,5031.0,5692.0,3,22.5,13.79,29.17,,,Yes
2025-07-19,09:00,5040.0,5718.0,3,28.6,11.86,26.70,,,Yes
2025-07-20,08:00,5047.0,5740.0,61,25.8,10.47,18.72,,,Yes
2025-07-21,07:00,5053.0,5755.0,3,21.9,13.66,27.94,,,Yes
2025-07-22,09:00,5057.0,5777.0,3,23.5,13.58,25.98,,,Yes
2025-07-23,06:00,5063.0,5797.0,3,30.0,13.62,27.52,,,Yes
2025-07-24,08:00,5073.0,5820.0,3,34.7,13.61,26.69,,,Yes
2025-07-25,07:00,5081.0,5839.0,53,28.7,12.35,19.61,,,Yes
2025-07-26,07:00,5089.0,5845.0,63,31.8,9.26,21.38,,,Yes
2025-07-27,07:00,5099.0,5857.0,63,29.9,12.75,24.06,,,Yes
2025-07-28,08:00,5112.0,5869.0,3,32.1,13.55,26.47,,,Yes
2025-07-29,07:00,5123.0,5885.0,3,29.7,13.51,26.49,,,Yes
2025-07-30,07:00,5129.0,5901.0,3,29.5,13.39,24.50,,,Yes
2025-07-31,07:00,5137.0,5916.0,53,23.2,3.41,8.91,,,Yes
2025-08-01,03:00,5144.0,5918.0,51,22.0,13.45,26.80,,,Yes
2025-08-02,07:00,5151.0,5941.0,0,25.5,13.41,26.32,,,Yes
2025-08-03,06:00,5156.0,5954.0,0,28.2,13.37,26.70,,,Yes
2025-08-16,06:00,5202.0,6204.0,3,28.9,12.72,23.99,,,Yes
2025-08-17,07:00,5207.0,6223.0,51,26.2,5.93,15.20,,,Yes
2025-08-18,06:00,5213.0,6227.0,3,19.6,12.33,25.08,,,Yes
2025-08-19,08:00,5220.0,6251.0,55,27.8,5.29,11.78,,,Yes
2025-08-20,07:00,5226.0,6259.0,63,20.8,2.16,8.63,,,Yes
2025-08-21,08:00,5234.0,6260.0,51,20.4,7.32,15.31,,,Yes
2025-08-22,08:00,5238.0,6267.0,3,25.2,12.56,22.53,,,Yes
2025-08-23,08:00,5243.0,6288.0,51,27.6,12.00,19.58,,,Yes
2025-08-24,08:00,5249.0,6300.0,65,23.9,12.13,17.98,,,Yes
2025-08-25,08:00,5256.0,6310.0,61,22.4,12.24,20.29,,,Yes
2025-08-26,09:00,5260.0,6326.0,53,20.8,12.26,20.10,,,Yes
2025-08-27,09:00,5267.0,6344.0,53,19.9,12.10,20.26,,,Yes
2025-08-28,08:00,5271.0,6360.0,61,22.9,8.00,14.72,,,Yes
2025-08-29,07:00,5277.0,6372.0,51,17.3,11.93,18.42,,,Yes
2025-08-30,08:00,5282.0,6386.0,3,19.2,12.06,21.50,,,Yes
2025-08-31,08:00,5287.0,6406.0,3,21.7,12.17,23.10,,,Yes
2025-09-01,07:00,5294.0,6427.0,3,22.3,12.00,21.44,,,Yes
2025-09-02,08:00,5298.0,6447.0,3,24.8,11.48,19.86,,,Yes
2025-09-03,08:00,5304.0,6462.0,3,26.8,11.98,20.24,,,Yes
2025-09-04,08:00,5308.0,6483.0,63,23.0,5.85,9.19,,,Yes
2025-09-05,07:00,5313.0,6486.0,51,25.0,11.89,19.09,,,Yes
2025-09-06,08:00,5318.0,6502.0,55,19.6,3.30,9.28,,,Yes
2025-09-07,09:00,5329.0,6510.0,51,18.5,11.45,20.80,,,Yes
2025-09-08,08:00,5334.0,6524.0,2,19.4,11.83,20.05,,,Yes
2025-09-09,08:00,5341.0,6541.0,1,23.4,11.81,21.56,,,Yes
2025-09-10,08:00,5348.0,6560.0,3,23.5,11.45,20.33,,,Yes
2025-09-11,08:00,5353.0,6578.0,0,22.5,11.77,20.74,,,Yes
2025-09-12,07:00,5357.0,6597.0,51,23.0,11.72,19.03,,,Yes
2025-09-13,07:00,5365.0,6614.0,3,23.8,9.33,14.21,,,Yes
2025-09-14,08:00,5372.0,6620.0,51,21.9,11.62,19.07,,,Yes
2025-09-15,08:00,5379.0,6636.0,0,20.9,11.58,20.28,,,Yes
2025-09-16,08:00,5384.0,6654.0,3,22.1,11.53,20.04,,,Yes
2025-09-17,06:00,5389.0,6672.0,3,24.4,11.25,17.49,,,Yes
2025-09-18,07:00,5395.0,6690.0,51,27.0,11.43,19.22,,,Yes
2025-09-19,07:00,5401.0,6704.0,3,19.2,10.96,18.31,,,Yes
2025-09-20,07:00,5406.0,6721.0,3,17.8,11.33,19.86,,,Yes
2025-09-21,08:00,5411.0,6739.0,51,28.4,11.12,17.40,,,Yes
2025-09-22,08:00,5415.0,6753.0,61,26.8,7.61,10.78,,,Yes
2025-09-23,08:00,5420.0,6758.0,61,23.0,9.30,13.80,,,Yes
2025-09-24,08:00,5426.0,6765.0,61,22.6,8.28,14.66,,,Yes
2025-09-25,09:00,5436.0,6775.0,53,20.5,3.00,6.98,,,Yes
2025-09-26,09:00,5443.0,6777.0,51,21.8,10.57,15.85,,,Yes
2025-09-27,08:00,5447.0,6784.0,3,24.7,9.07,15.69,,,Yes
2025-09-28,09:00,5453.0,6793.0,1,22.5,10.94,17.35,,,Yes
2025-09-29,08:00,5458.0,6807.0,3,22.3,10.89,17.76,,,Yes
2025-09-30,08:00,5464.0,6819.0,1,18.6,10.84,17.34,,,Yes
2025-10-01,08:00,5471.0,6834.0,0,15.1,10.79,17.68,,,Yes
2025-10-02,08:00,5473.0,6849.0,3,20.1,10.00,16.62,,,Yes
2025-10-03,09:00,5485.0,6860.0,3,22.8,10.59,16.92,,,Yes
2025-10-04,09:00,5490.0,6873.0,3,26.4,10.41,16.21,,,Yes
2025-10-05,09:00,5496.0,6886.0,0,27.7,10.40,16.48,,,Yes
2025-10-06,08:00,5508.0,6897.0,3,27.4,10.29,15.76,,,Yes
2025-10-07,09:00,5514.0,6907.0,63,21.8,2.16,4.96,,,Yes
2025-10-08,09:00,5522.0,6908.0,53,15.4,10.14,15.40,,,Yes
2025-10-09,09:00,5527.0,6917.0,0,10.6,10.17,16.35,,,Yes
2025-10-10,09:00,5533.0,6929.0,3,17.6,10.11,15.92,,,Yes
2025-10-11,10:00,5539.0,6940.0,51,15.4,1.33,4.91,,,Yes
2025-10-12,10:00,5545.0,6940.0,51,18.0,10.00,14.32,,,Yes
2025-10-13,07:00,5554.0,6949.0,51,15.1,1.25,5.84,,,Yes
2025-10-14,07:00,5561.0,6952.0,3,17.9,10.00,14.34,,,Yes
2025-10-15,09:00,5570.0,6961.0,3,13.4,8.98,13.50,,,Yes
2025-10-16,09:00,5576.0,6967.0,3,11.6,9.97,14.87,,,Yes
2025-10-17,07:00,5584.0,6975.0,55,11.6,1.42,4.62,,,Yes
2025-10-18,08:00,5590.0,6978.0,51,20.0,9.63,10.09,,,Yes
2025-10-19,08:00,5595.0,6986.0,61,22.6,4.81,8.10,,,Yes
2025-10-20,08:00,5604.0,6989.0,63,14.3,2.74,4.42,,,Yes
2025-10-21,07:00,5611.0,6993.0,3,15.4,6.80,8.73,,,Yes
2025-10-22,07:00,5622.0,6998.0,63,11.6,7.32,8.93,,,Yes
2025-10-23,10:00,5624.0,7001.0,53,11.9,6.43,8.01,,,Yes
2025-10-24,08:00,5638.0,7001.0,51,9.9,8.98,9.33,,,Yes
2025-10-25,08:00,5650.0,7004.0,51,10.6,4.01,6.39,,,Yes
2025-10-26,08:00,5663.0,7007.0,3,8.6,9.56,10.99,,,Yes
2025-10-27,08:00,5675.0,7012.0,3,9.2,9.51,12.61,,,Yes
2025-10-30,08:00,5694.0,7031.0,63,9.6,0.00,1.56,,,Yes
2025-10-31,09:00,5702.0,7032.0,61,8.7,0.00,1.70,,,Yes
2025-11-01,09:00,5712.0,7032.0,51,8.9,6.60,6.11,,,Yes
2025-11-02,09:00,5720.0,7035.0,3,10.9,9.23,11.58,,,Yes
2025-11-03,06:00,5733.0,7041.0,53,10.9,2.41,3.25,,,Yes
2025-11-04,05:00,5744.0,7041.0,3,13.1,9.14,11.03,,,Yes
2025-11-05,09:00,5750.0,7044.0,55,14.8,1.26,4.58,,,Yes
2025-11-06,10:00,5754.0,7049.0,51,6.2,4.74,6.07,,,Yes
2025-11-07,08:00,5773.0,7053.0,53,13.6,3.02,5.81,,,Yes
2025-11-08,09:00,5784.0,7055.0,3,10.5,0.39,4.49,,,Yes
2025-11-09,09:00,5791.0,7058.0,71,4.8,0.00,1.41,0.28,,Yes
2025-11-10,09:00,5806.0,7058.0,73,0.6,0.00,2.19,3.29,,Yes
2025-11-11,09:00,5817.0,7058.0,73,1.5,2.70,6.07,1.89,,Yes
2025-11-12,09:00,5829.0,7058.0,71,6.2,1.00,4.13,0.07,,Yes
2025-11-13,08:00,5839.0,7058.0,75,6.8,7.28,6.48,3.99,,Yes
2025-11-14,08:00,5845.0,7060.0,73,8.3,6.17,6.71,0.42,,Yes
2025-11-15,08:00,5851.0,7063.0,63,12.8,2.23,4.47,,,Yes
